Original Price,Miles Driven,Mileage,Tank Size,HorsePower,Top Speed,Acceleration,Age,Manual Transmission,Fuel,Estimated Price
3864000,1263,54.68579913,13.33616422,596,180,8.172050031,4,FALSE,Petrol,2258675.191
4288000,752,35.24835745,19.05751782,419,185,8.740271332,3,TRUE,Petrol,2859767.16
2966000,4838,58.34571053,28.36199304,346,259,6.53321015,5,TRUE,Diesel,1333505.853
3428000,3140,34.65419589,24.02460216,354,243,6.069808272,4,TRUE,Diesel,2046536.106
2079000,4048,32.04842448,17.98098726,473,216,7.744648133,2,FALSE,Diesel,1204469.444
3862000,2354,45.17501731,15.56955382,486,207,12.11352713,2,FALSE,Petrol,2489807.314
1865000,2850,36.78070054,17.38541754,504,216,13.39091718,5,FALSE,Petrol,663372.1394
2718000,1102,15.17511758,19.60917132,471,259,7.308093318,4,FALSE,Petrol,1726326.16
3540000,4971,37.63433149,26.48669894,579,195,5.298010545,3,FALSE,Petrol,2273594.313
2485000,3477,37.51353118,14.61898002,502,256,4.607905139,7,TRUE,CNG,995528.1203
3934000,2162,18.77374981,18.18017912,297,193,7.158554864,2,TRUE,Diesel,2789760.107
3157000,1036,43.27511037,16.15093812,452,243,5.115186017,4,TRUE,Petrol,1802062.169
3760000,2303,59.82830561,29.06867407,289,200,10.92931321,7,TRUE,Diesel,1722596.643
2835000,2487,52.03491748,23.73524538,454,210,9.060357564,4,TRUE,Petrol,1422630.322
2890000,1523,54.82975237,15.14445449,477,257,7.4544552,2,TRUE,Petrol,1656742.272
3533000,3869,56.68034472,25.69948968,450,264,4.920380134,8,TRUE,Diesel,1544447.217
3326000,3442,18.36258887,22.94798919,459,187,5.302062202,2,TRUE,Petrol,2370848.531
3557000,4309,43.25558314,24.15840236,529,245,9.821705867,2,TRUE,Petrol,2284492.809
1912000,3899,16.47865945,25.41416671,593,248,6.999114383,4,TRUE,Diesel,1074838.728
4352000,786,49.76733903,15.38424009,286,217,12.24097922,8,FALSE,EV,2203614.522
3309000,1338,52.56305477,18.17106367,364,205,6.052667626,7,FALSE,Diesel,1487190.571
4223000,758,57.07129504,22.80022999,281,230,11.26806871,2,TRUE,Diesel,2624067.125
2194000,4670,45.95442499,22.9133226,496,214,9.166125779,8,TRUE,CNG,537168.6439
3220000,627,32.76111552,29.86697912,387,191,9.57523516,7,TRUE,Diesel,1619730.576
2820000,2291,59.48095192,12.4760895,278,217,6.886050477,3,TRUE,EV,1407000.773
4276000,2458,26.78611924,28.14839942,365,248,10.07280478,8,TRUE,Diesel,2391142.831
4418000,2523,50.87830492,28.6844897,353,249,8.912318869,3,TRUE,EV,2794878.691
3264000,1449,57.85053385,13.05689918,590,205,4.823833325,6,FALSE,Diesel,1563363.759
4492000,3337,22.22596616,15.19782798,505,244,4.910668003,3,TRUE,EV,3189857.084
2576000,4407,30.23067925,27.7325127,366,242,4.244842967,8,FALSE,Petrol,1036194.886
2298000,3976,37.41854408,13.50713442,372,249,7.414937736,2,FALSE,Petrol,1298282.666
1876000,2114,15.82851185,21.38564946,253,268,11.88132771,7,TRUE,EV,657157.2845
2462000,2540,54.7960562,14.31738189,324,208,7.626256343,2,TRUE,Petrol,1256268.02
3801000,593,27.59745805,22.88342608,578,234,13.56226412,4,FALSE,Petrol,2453437.852
3886000,3983,37.75579743,18.96912548,294,236,12.31060696,4,FALSE,Petrol,2311718.654
3227000,2262,17.90714089,10.06813377,500,241,12.99709086,5,FALSE,Petrol,1940823.074
2293000,3412,52.93999584,11.24543062,330,221,8.737696547,7,FALSE,Petrol,616488.1296
4364000,2200,55.68307335,20.86658622,365,255,6.365099083,4,TRUE,EV,2618444.438
2079000,1742,45.06088606,26.42927013,406,230,10.2082136,3,TRUE,Petrol,977032.0538
2756000,1486,28.1471131,16.28881053,475,232,9.505857052,3,FALSE,EV,1719761.559
3897000,1666,33.05683458,23.01981448,281,207,4.112565029,5,TRUE,Petrol,2359750.078
2643000,3070,19.50843484,19.97533537,373,227,10.83599115,5,FALSE,EV,1459181.455
4189000,1618,15.69889756,23.1115675,493,203,13.67242167,5,TRUE,Diesel,2742613.71
3791000,901,27.121266,15.63967374,588,263,5.400347792,3,TRUE,CNG,2588799.504
2064000,1771,21.31465896,25.08306741,278,251,11.93839468,6,TRUE,EV,864853.5527
2672000,4152,19.36788998,24.04449021,589,208,8.332682862,7,TRUE,Petrol,1346126.821
2880000,4938,55.02346255,23.8350444,443,208,10.84041434,6,FALSE,EV,1203478.832
3826000,2522,36.06348877,18.51791935,286,218,6.361356822,2,TRUE,EV,2557256.003
1919000,1878,50.97495562,17.79009306,565,214,5.748814835,2,FALSE,Diesel,944375.5917
2705000,1737,42.65553763,28.07770172,578,184,6.311060782,6,TRUE,Diesel,1273715.066
3256000,4352,19.71160181,15.12948746,478,192,4.614320155,8,TRUE,Diesel,1682101.988
3501000,3095,22.47938055,28.24648124,581,181,7.725186552,2,FALSE,Petrol,2499739.434
4189000,3913,51.90496606,26.30515506,454,246,13.3554185,8,TRUE,Diesel,2051340.006
1830000,3674,52.23561512,28.50725486,557,227,10.43162754,4,FALSE,EV,645471.961
2684000,4760,30.94890109,10.82128212,582,228,6.557681448,6,TRUE,Petrol,1324850.916
3946000,2698,21.6364205,15.21800233,361,233,5.483814796,6,TRUE,Diesel,2392124.701
2955000,4416,52.12565639,25.96336516,592,227,8.39874852,2,TRUE,Petrol,1743195.205
3853000,3948,25.05917521,14.68655449,342,246,6.824760517,2,TRUE,Diesel,2655356.55
2792000,1929,34.55919325,18.02874732,593,205,12.90677464,6,TRUE,CNG,1349222.187
4177000,3394,29.78080606,18.01807672,261,244,9.194877731,3,TRUE,Diesel,2733367.191
4052000,898,40.16769907,18.10440149,564,228,9.172701739,4,TRUE,Diesel,2539164.648
3130000,537,27.69735023,27.3715268,418,185,9.071797295,6,TRUE,EV,1730015.253
4326000,1223,31.78780628,15.07710435,524,238,6.285436343,8,TRUE,Petrol,2457994.141
3781000,4230,16.55010642,24.19707346,445,198,13.41560948,5,FALSE,Petrol,2377265.777
3643000,4595,24.71194963,12.87406674,434,262,9.31872579,3,FALSE,Petrol,2399488.817
3903000,1765,57.71221863,27.26920429,506,230,12.29659527,4,TRUE,Petrol,2223413.369
2200000,4250,16.61571401,16.66336917,486,191,4.125522832,3,FALSE,Diesel,1377982.721
1983000,2448,18.12845973,14.62582797,481,255,9.651696399,7,TRUE,Petrol,767374.8409
3321000,1817,30.33857008,28.21387697,589,203,8.360631441,3,FALSE,Petrol,2185814.125
4071000,4116,50.52300572,15.42298561,486,209,10.50309494,2,TRUE,Petrol,2595477
2358000,2798,56.13594804,21.82185655,541,190,6.46810631,4,TRUE,Petrol,1033898.619
3186000,1906,15.91233039,23.77270051,470,213,11.15020486,4,FALSE,EV,2070876.376
4040000,3173,29.18857126,27.75236979,306,213,13.91153509,5,TRUE,EV,2451340.145
2135000,2125,45.25945903,29.65163805,474,248,12.57147874,7,TRUE,Petrol,621940.77
4300000,3289,37.34285888,11.83028279,313,184,13.17825784,3,TRUE,Diesel,2735042.929
2465000,910,43.98985653,15.48539024,498,203,5.550344446,8,FALSE,Petrol,848845.5398
3863000,1198,29.11923817,26.01310481,280,239,5.108340434,7,FALSE,Petrol,2175580.309
3687000,945,39.26093782,12.3446595,587,264,5.857151976,6,FALSE,EV,2105443.637
4137000,4415,56.25344696,17.58092238,424,233,5.624801906,6,TRUE,Diesel,2204209.255
2890000,3279,39.87242559,12.85613298,424,234,12.0253524,7,TRUE,Diesel,1219842.482
3816000,3623,46.43787298,12.56561916,277,257,4.483528996,3,TRUE,Diesel,2314625.068
2402000,596,24.4207726,29.57905971,423,243,4.212759614,5,TRUE,EV,1326483.846
3199000,3497,50.93283673,13.05076963,481,249,8.291042853,6,TRUE,Petrol,1512669.635
2885000,2520,52.08846475,27.41473831,268,225,13.29740784,4,TRUE,EV,1399047.366
2442000,1614,44.13767458,17.18679077,312,244,4.886142025,5,TRUE,Petrol,1083299.718
3392000,3116,53.06617759,11.76974586,556,214,8.800401464,7,TRUE,EV,1576956.691
4074000,3369,54.89669121,27.62138794,480,181,5.723456294,2,TRUE,Petrol,2615593.941
4191000,3838,18.89521746,11.6350131,385,211,4.956575014,5,FALSE,Petrol,2716778.69
3647000,3075,23.64970525,26.66037607,266,199,8.339167514,8,FALSE,Petrol,1908140.612
3335000,3911,35.16820898,12.16485943,463,190,4.724758407,2,FALSE,Diesel,2182089.45
2235000,3914,45.32706966,12.17695692,587,233,10.47062437,8,TRUE,Petrol,610394.0599
3888000,3992,22.52977876,19.83431393,395,210,6.078785468,7,TRUE,EV,2258987.932
3199000,3869,45.14773594,20.62216786,262,264,7.564788133,6,TRUE,Diesel,1510976.681
3346000,4708,54.23915195,18.69864036,318,199,8.96005513,7,TRUE,Petrol,1439136.266
4191000,4698,35.89364712,21.72476816,543,219,13.1175995,2,TRUE,Petrol,2832834.383
2034000,868,48.16320093,16.99657963,463,207,4.305113125,2,TRUE,CNG,1047597.592
3310000,1895,38.09490073,29.71651991,384,193,7.613654386,5,TRUE,EV,1860654.776
4061000,3602,27.91854577,23.60660018,405,226,5.532872104,4,TRUE,Diesel,2633041.731
3883000,4458,33.28641682,24.26666852,588,194,9.787707125,5,TRUE,Petrol,2358427.924
3963000,1754,55.67440076,14.28697963,395,257,8.376593162,4,TRUE,Petrol,2270985.519
2896000,1016,39.94579909,24.29665865,341,207,11.23193275,8,TRUE,EV,1174477.268
3923000,4872,40.26393442,13.86744461,555,254,4.417361583,3,TRUE,Petrol,2538476.243
3143000,2535,16.87811911,14.71903497,581,198,12.41781229,4,TRUE,Petrol,2016087.847
3923000,1026,22.3314217,18.70248357,297,244,12.34723089,7,FALSE,Petrol,2227406.41
4371000,1010,59.75701409,16.10122545,393,225,8.385436149,7,FALSE,Petrol,2265435.124
3242000,2275,40.06449795,23.43997768,427,182,7.744382954,2,TRUE,EV,2088679.324
2063000,4319,43.12200228,12.36967134,290,237,9.604168722,8,FALSE,Petrol,412448.06
2579000,1085,37.96515975,24.36053912,311,224,12.77784317,7,TRUE,EV,1018402.402
3178000,4283,45.89310215,24.59152334,373,225,11.94454254,3,TRUE,Petrol,1801456.762
3216000,3743,20.07638606,25.13322091,346,186,13.61387246,4,TRUE,Petrol,1969145.229
3500000,2014,25.46963698,11.39250118,478,265,7.36173404,6,TRUE,CNG,2006065.03
2528000,3596,37.83770001,23.86710116,399,195,10.98224857,6,TRUE,Petrol,1076315.331
4168000,2451,56.04855368,23.37856219,474,203,9.323448375,7,FALSE,EV,2165440.857
2528000,4632,38.59481709,28.13352455,428,207,13.54945191,2,FALSE,Diesel,1441836.823
3153000,3930,40.4377608,18.52245869,578,180,13.35458557,8,FALSE,Petrol,1369174.81
3896000,2972,46.44970801,13.60373194,444,180,11.91592879,4,FALSE,Diesel,2268273.764
3454000,744,44.08748434,29.00290356,530,266,13.4111956,8,TRUE,Petrol,1613861.176
4209000,1323,29.25388577,21.1147822,418,201,7.397330318,6,TRUE,EV,2573575.447
2684000,1362,33.5406575,22.48657676,344,215,13.77310137,6,TRUE,Diesel,1219332.911
3684000,1215,27.84540149,11.04755155,357,255,8.93450225,4,FALSE,EV,2324976.014
2622000,1916,17.23394083,15.14669263,461,190,13.40951197,5,FALSE,EV,1475028.923
3087000,618,40.70228141,21.76943178,319,189,5.413140657,4,TRUE,EV,1758893.57
3224000,2125,41.35990486,24.33315646,384,235,9.428502642,8,FALSE,Petrol,1422180.305
3500000,635,55.86830113,21.79808637,516,203,13.68555935,2,FALSE,Diesel,2102441.76
2571000,4860,53.94485552,18.06532719,534,260,10.64446021,7,FALSE,Petrol,871527.884
2627000,935,26.2995927,12.76522968,488,234,4.795685529,4,TRUE,EV,1571444.976
3727000,2818,33.24552322,26.75354076,516,226,10.48702379,5,TRUE,Diesel,2223552.455
3640000,684,40.26487487,11.657583,588,199,13.07430911,4,FALSE,Diesel,2181480.813
2359000,4242,39.84096851,19.93997617,455,209,6.494513285,7,TRUE,Diesel,849877.2771
2218000,1976,48.77562992,18.23155326,358,181,11.50632987,4,TRUE,Petrol,915899.8698
3855000,3148,50.59884614,21.39540148,252,240,9.494631638,8,TRUE,EV,1798914.483
3177000,843,18.96083806,21.50684278,275,263,9.732906077,4,TRUE,Diesel,1977229.362
3147000,4842,30.97389328,15.77317331,568,239,6.621988158,3,FALSE,Diesel,1988177.825
4335000,1374,59.65079739,15.04768116,563,238,11.24629339,8,TRUE,Diesel,2145813.782
3954000,1604,17.10393269,26.38129427,455,191,12.01317835,4,TRUE,Diesel,2646410.818
3036000,4579,22.48059301,11.34284887,338,221,7.544575693,5,FALSE,CNG,1697693.706
3991000,2647,22.13098782,24.39046832,505,181,8.930442229,3,TRUE,Diesel,2750967.664
2004000,3913,42.86957818,14.63866394,289,269,10.67484305,3,FALSE,Petrol,862885.7911
4424000,926,33.17127812,20.3943862,327,188,12.92929848,2,TRUE,Diesel,3018311.329
4298000,4536,46.18388963,10.52771331,452,212,10.9524209,6,TRUE,Diesel,2384323.172
2863000,3744,26.21363099,22.99872845,253,221,4.46048264,6,TRUE,Diesel,1459421.047
3311000,2697,58.89173652,27.73587877,574,196,12.09341401,2,TRUE,Petrol,1948671.419
3745000,934,53.83662084,18.0236876,261,211,6.173169848,2,TRUE,CNG,2288067.271
3999000,834,51.05197879,25.45966342,486,180,12.55555021,2,TRUE,Petrol,2562034.729
1805000,4486,29.62590896,28.02307028,384,262,5.820108672,5,TRUE,Petrol,714628.2408
3315000,1110,30.71520383,29.74622373,504,254,7.202600185,7,TRUE,CNG,1751723.667
3761000,3795,43.71385068,18.4385069,374,223,9.486082906,3,TRUE,Petrol,2297485.337
2336000,4835,42.69629046,12.37578381,474,255,9.609767423,2,TRUE,Diesel,1268807.187
4028000,4281,21.07416269,12.50237556,443,234,11.85326246,2,FALSE,EV,2842857.794
2951000,544,40.79521584,17.55583261,559,207,13.40692736,3,FALSE,Petrol,1733024.195
3071000,3628,45.83868505,12.79553578,372,190,4.084180854,5,TRUE,Diesel,1553002.722
3416000,2271,20.70998177,24.10352479,554,223,11.10136567,7,FALSE,Petrol,1915149.556
3806000,3539,38.76457553,28.36879228,529,228,10.66794155,8,TRUE,EV,1949249.458
2137000,1267,26.2813768,15.93985124,564,189,9.371854162,8,FALSE,Diesel,739511.2021
4404000,3750,19.22555734,26.5261875,423,201,9.361989436,8,TRUE,Diesel,2575026.27
3590000,3287,17.10777051,16.75073427,390,250,10.71963661,8,TRUE,Diesel,1920142.432
2329000,3494,38.48276559,28.82593882,577,263,13.86811624,5,TRUE,Diesel,1036793.316
1971000,1160,18.92085598,10.17621194,369,246,12.00240641,3,TRUE,EV,1124161.173
3475000,828,38.37102105,19.59604312,445,257,9.132519055,4,FALSE,CNG,2057767.198
3960000,4779,57.12508067,11.59142804,374,195,8.851779517,7,TRUE,Petrol,1908356.199
3176000,787,57.46268637,28.18580309,405,233,11.35398697,6,TRUE,Petrol,1434290.434
4395000,3188,17.86019556,20.16701652,349,261,6.319531607,4,TRUE,Petrol,2992134.925
4349000,1785,43.9516177,14.75822653,475,227,4.166665652,3,TRUE,Petrol,2851651.408
2447000,3286,50.47046044,18.41368031,410,243,11.40298414,6,FALSE,EV,897396.1095
4463000,1346,15.3753735,21.92470217,486,232,4.388164766,7,TRUE,Petrol,2841497.637
3014000,3890,41.91033267,29.03344412,379,255,9.373286736,5,TRUE,EV,1554795.656
3747000,2764,43.70567941,24.0686128,496,239,8.500462079,2,FALSE,Diesel,2442924.989
2424000,3592,26.94561556,11.86850914,431,183,13.71181061,8,TRUE,Diesel,864665.6967
3551000,4248,34.92505442,22.17631626,517,195,12.70625812,5,TRUE,CNG,2017299.408
1894000,4283,50.6048453,10.60765141,574,186,11.95942526,8,TRUE,Diesel,249480.2426
2175000,2789,37.08256938,13.38358577,492,202,12.23488574,5,TRUE,CNG,892999.0328
2081000,1313,34.66662155,16.1885251,287,245,6.475910463,3,TRUE,EV,1084093.941
4281000,1842,53.43386193,20.88350155,327,190,13.85361583,3,FALSE,Diesel,2587167.051
2088000,1323,15.96944376,22.50402194,575,210,13.71837019,2,TRUE,Diesel,1382734.237
2042000,4700,59.30025053,28.40497002,332,188,13.7448459,5,TRUE,Petrol,530016.5489
3702000,4716,35.65407051,26.02719743,386,231,5.013914957,5,TRUE,EV,2187603.27
3244000,4874,53.39011692,22.69155663,481,237,9.405021459,4,TRUE,Petrol,1713371.757
2999000,3698,32.04117561,11.52437023,579,241,7.676792261,8,FALSE,Diesel,1358625.304
3207000,4869,58.14428276,27.47980404,501,231,8.360186115,2,FALSE,Petrol,1858376.803
4418000,4316,22.40676873,22.63643551,475,196,5.705167981,4,TRUE,Petrol,2994597.807
3478000,1902,58.13353931,21.22901847,389,261,9.997670887,5,TRUE,CNG,1732325.246
4232000,4996,25.04416623,29.58975066,346,233,12.30999904,7,TRUE,Diesel,2427707.934
3954000,3502,29.98099549,20.49849285,444,218,4.363736901,5,TRUE,CNG,2436521.768
3465000,4699,59.1553888,22.68779082,576,183,5.866247844,4,FALSE,Diesel,1875660.118
4067000,4680,20.21027297,23.38167271,585,263,4.069995214,4,TRUE,Diesel,2770635.163
4208000,2034,33.57931603,20.52489983,288,226,7.488467596,8,FALSE,Diesel,2258218.294
2233000,3619,40.14278597,26.71459217,413,226,7.898098549,4,FALSE,Diesel,1040815.652
2300000,2423,25.95027268,17.33917082,571,244,4.024016236,6,TRUE,Petrol,1120974.601
2312000,4616,29.76239421,27.15082326,482,269,13.37743982,7,TRUE,CNG,868073.0267
2161000,4416,31.16308598,29.29371039,450,264,11.66478544,8,TRUE,Diesel,649851.9776
4288000,943,34.64941788,10.17292202,574,220,6.790564565,8,TRUE,Petrol,2404885.369
4286000,672,15.57196673,22.90209024,506,231,13.65373702,5,TRUE,Petrol,2842729.255
2273000,2681,53.8224081,22.04525256,367,240,9.55698132,6,FALSE,CNG,703647.4142
2364000,4495,39.80499077,18.76664683,562,227,12.56595902,7,TRUE,Diesel,833834.1029
2852000,1708,25.0114158,12.15756174,481,193,4.273257867,7,FALSE,Diesel,1430624.775
2222000,509,20.27291925,26.05367899,388,192,4.271928993,2,TRUE,Petrol,1490984.455
2472000,2714,50.70314739,24.96497245,256,192,9.855596736,8,TRUE,EV,699868.0678
2796000,2699,53.56409515,14.02863602,352,224,9.236480289,8,FALSE,CNG,910863.7898
3724000,4604,25.97161504,15.20768708,470,194,5.821011429,2,TRUE,Petrol,2591833.054
3363000,1250,47.04131425,25.18532569,508,200,9.052677043,6,TRUE,EV,1739064.361
3384000,3369,25.5686121,20.11702935,329,269,12.39896869,3,FALSE,EV,2169210.532
2349000,1717,19.6395462,10.71442109,305,223,13.37620322,8,TRUE,Petrol,870677.772
2993000,4198,43.57268993,20.11570131,387,217,9.697229211,6,TRUE,Petrol,1385458.566
2734000,2551,56.33796799,22.24782102,363,201,4.734509888,5,TRUE,EV,1220443.564
3870000,4449,24.92181666,15.44127793,564,189,8.272032669,8,FALSE,Petrol,2127279.981
1944000,4360,27.54779853,14.20149003,279,242,10.72844389,7,TRUE,Petrol,561979.2775
3265000,4630,22.69844757,13.35407792,298,199,8.37969568,4,FALSE,Petrol,1983366.554
3125000,4344,33.11937154,23.45796373,305,186,8.912881687,8,FALSE,Petrol,1383774.773
2084000,2569,29.59367925,18.80914632,522,256,12.20000633,2,FALSE,Petrol,1233482.488
2695000,3601,31.75361379,11.6635262,565,246,4.828803844,2,TRUE,Diesel,1741796.27
1811000,1772,45.51385971,19.2566481,265,240,5.196830857,6,TRUE,Petrol,448279.8919
4098000,1907,49.1668144,17.13800358,270,237,4.836913377,4,FALSE,Petrol,2442633.097
2779000,3448,41.69679314,10.83638838,545,182,6.672543638,8,TRUE,EV,1107428.289
3939000,2933,42.38737839,20.09214695,485,202,12.87485712,2,TRUE,Petrol,2570461.234
3129000,4585,45.58640085,16.15629086,430,180,10.08021929,4,TRUE,Diesel,1660739.002
4239000,3880,55.95065513,14.52112647,360,253,10.69136377,5,TRUE,EV,2356736.902
3766000,3524,25.33011763,18.80230052,407,253,11.39251784,8,FALSE,Petrol,1988557.091
3634000,3308,53.55375435,11.74164644,437,198,8.084988067,4,FALSE,Petrol,2024181.251
4300000,1130,39.73848813,20.74232868,269,218,7.783309412,7,FALSE,Petrol,2383685.525
3658000,2381,44.99903835,28.5637588,351,262,12.45785618,6,FALSE,EV,1916174.843
3298000,4294,50.65520874,24.25681482,346,209,10.56607367,7,TRUE,Diesel,1438601.047
4010000,1389,23.08973252,29.51825324,410,244,9.545340813,6,TRUE,Petrol,2454967.757
2117000,3298,19.66454388,24.00003093,549,215,4.733607657,2,TRUE,Petrol,1421044.461
1878000,2285,55.98350118,12.58305866,440,194,7.563815269,7,TRUE,Petrol,313347.6189
4010000,2118,28.47007932,19.37892928,380,267,10.26385869,6,FALSE,Petrol,2360714.1
4295000,541,35.46725721,29.92162841,310,256,11.92372834,6,FALSE,Diesel,2513319.709
3476000,2530,48.35538687,20.68600014,346,228,10.06821639,8,TRUE,Diesel,1517399.686
3626000,2887,25.0860597,23.15670488,333,213,8.822923898,8,FALSE,EV,1900231.122
3221000,2264,17.68573005,16.47203453,279,227,6.376272451,6,TRUE,EV,1848716.651
2496000,1424,53.50987856,22.56511878,266,237,8.606670477,3,FALSE,Petrol,1196285.483
2339000,1366,37.08683926,22.10335763,485,194,7.096634968,5,TRUE,EV,1125442.853
4049000,4322,42.71831511,14.76614002,558,182,10.30271265,6,TRUE,Petrol,2271115.973
4384000,4823,31.44739144,28.62758522,266,262,8.245208982,8,FALSE,Petrol,2406639.278
4025000,2432,20.45341,18.26059521,496,209,13.26545328,7,FALSE,EV,2375113.537
2553000,644,55.27134893,26.19116635,526,263,12.42840101,8,TRUE,EV,795655.0044
4380000,1180,39.21859956,11.90848071,553,262,6.955233747,7,TRUE,Petrol,2529904.982
1837000,3231,25.11171219,12.84564637,504,263,12.03549317,8,TRUE,Petrol,462049.7028
2870000,2523,17.23264111,29.3669097,386,249,5.984783302,6,FALSE,Petrol,1613196.344
4323000,1933,57.44643863,19.59006788,434,249,12.97717496,6,TRUE,Diesel,2313250.954
3086000,1870,53.91459409,22.71588483,437,201,5.657480979,6,TRUE,Petrol,1430457.067
4361000,4958,29.65431955,27.1262703,314,268,8.575484762,8,FALSE,Petrol,2413798.121
3472000,1566,46.65946991,19.43591299,510,221,12.97450948,8,TRUE,Petrol,1570273.527
3157000,840,55.94021009,16.90297597,460,261,13.73773716,6,FALSE,EV,1422192.419
3666000,4243,30.57775318,21.73001138,287,211,5.16247742,6,TRUE,Petrol,2066387.299
2058000,2518,27.48069437,17.1125694,443,269,11.44247599,7,TRUE,Petrol,717753.6025
4259000,1189,39.95699548,18.26572227,527,217,5.84272572,7,FALSE,Petrol,2434126.494
2421000,4316,38.87328882,10.94099592,539,211,9.224726476,3,TRUE,Petrol,1309093.766
2187000,3782,31.82942078,12.30531276,396,258,10.96607274,3,TRUE,Petrol,1141009.316
3781000,4879,44.95675158,21.60375041,596,237,4.53275282,4,FALSE,Petrol,2300461.238
3069000,793,27.35439654,28.96545615,395,193,4.914978702,7,TRUE,Diesel,1590102.758
4140000,4761,30.03651105,20.28138569,431,183,4.602651282,7,TRUE,Diesel,2379103.568
3588000,2129,37.92463397,13.066817,357,197,4.738579589,7,TRUE,Petrol,1859207.587
2148000,2985,56.61738737,17.98564001,499,200,12.63265567,8,TRUE,Petrol,399631.4437
4000000,3589,59.55229938,18.8932739,330,197,4.982681152,3,TRUE,Diesel,2348849.538
4467000,1777,32.01765276,27.33346092,503,242,9.965517595,3,FALSE,Petrol,3049305.522
2076000,3887,39.43323623,22.81956377,412,248,6.296252284,2,TRUE,Petrol,1131871.597
1967000,2570,56.11608949,28.90704336,500,245,8.326271371,2,FALSE,Diesel,906171.4705
3493000,2069,21.8624813,20.60274684,531,202,8.954603548,5,FALSE,EV,2187826.864
3602000,2257,38.10728085,22.27355773,256,218,9.504753797,7,FALSE,EV,1831743.11
2818000,4863,39.11661068,27.24026841,475,254,6.457597931,8,TRUE,EV,1157932.571
4250000,4751,47.37165243,15.24851985,266,239,13.10870223,4,TRUE,Petrol,2484122.615
3015000,2706,15.28054528,26.70469611,545,183,12.32341516,5,TRUE,EV,1849925.34
3102000,2831,49.42141477,18.32332954,296,199,11.17596272,5,TRUE,EV,1506397.447
2289000,4620,33.63693191,16.17735536,419,221,12.51774036,4,TRUE,EV,1114334.868
2622000,1139,32.56698329,23.05132585,250,265,7.481487001,2,FALSE,Petrol,1618111.718
4161000,2321,33.99049298,24.48273849,586,187,4.467435243,8,TRUE,Petrol,2339287.826
2689000,4264,18.38482808,28.26556155,306,184,12.30850349,4,TRUE,Petrol,1564376.458
3122000,4419,52.39045846,28.40730691,502,184,9.949156741,6,FALSE,EV,1458482.488
3502000,3815,16.57439237,10.48371491,283,181,4.971969342,5,FALSE,Petrol,2159659.115
2931000,4101,57.27829032,10.8867671,341,183,6.191590884,6,TRUE,Diesel,1192875.098
3709000,3106,29.06997159,14.35645453,292,184,8.183885784,3,FALSE,Diesel,2381775.888
4223000,4988,53.48753267,18.64189405,475,197,11.15177445,7,TRUE,Petrol,2172912.677
2034000,2109,43.72219096,15.0229451,498,240,7.535695354,7,TRUE,Diesel,570926.0098
4044000,2871,40.6713529,27.89539385,429,202,13.26686421,2,TRUE,Petrol,2666736.766
2398000,3388,32.05080911,15.53051288,290,204,8.844701712,5,TRUE,Diesel,1096848.166
3527000,2208,47.09148699,10.51720662,347,237,13.64506714,4,FALSE,EV,1955741.747
3092000,2484,41.64502776,23.87157437,369,191,11.85458583,2,TRUE,Diesel,1878628.841
2742000,2711,59.76030078,29.41348514,297,237,4.215725174,6,TRUE,Petrol,1071966.727
2179000,2837,15.78715731,11.86767612,446,199,13.82993908,4,FALSE,Petrol,1200504.714
2419000,1389,21.42685367,11.37229022,528,222,13.04614371,3,TRUE,Diesel,1462930.005
2622000,3051,37.48064097,10.09934223,598,185,10.44262541,4,TRUE,Diesel,1389856.158
3698000,4942,41.33681941,10.58327328,465,228,7.359937191,7,TRUE,CNG,1870021.739
3110000,4892,29.96219261,28.30177069,412,191,10.90244091,6,TRUE,CNG,1601525.886
4130000,668,25.52997616,21.25636161,307,205,6.827334145,5,TRUE,Diesel,2605792.764
4158000,1146,50.48332166,10.36141878,423,215,6.212614174,2,TRUE,EV,2718749.572
2925000,634,52.25198947,28.03577894,469,240,11.75471111,3,FALSE,Petrol,1604092.627
2467000,2151,36.11860101,19.61316934,430,267,10.0898163,6,FALSE,EV,1084833.443
2475000,1752,26.04900361,23.09421514,526,200,10.93353107,4,TRUE,EV,1417762.03
3277000,3675,47.49381215,27.00556195,532,191,7.381290515,7,FALSE,EV,1561308.171
3250000,3130,25.54182988,13.39985027,485,246,13.61396625,2,TRUE,EV,2188180.388
2932000,4186,43.93557153,28.05892722,481,229,8.120672184,2,FALSE,EV,1799013.856
2374000,3388,18.11436457,23.62145749,348,211,4.72919303,2,TRUE,Diesel,1577834.903
4087000,2683,18.64045308,25.0935059,570,207,7.120044778,4,FALSE,EV,2822388.348
4253000,3673,28.74944178,28.37046535,549,192,5.873709233,8,FALSE,Diesel,2425750.25
4152000,542,24.01150272,11.82763746,468,226,9.389590359,4,TRUE,Petrol,2756465.794
2460000,3261,17.78682419,10.28540282,455,180,12.0200012,8,TRUE,EV,1030214.155
3698000,4531,27.67389349,12.39783982,274,265,11.58176449,4,FALSE,Diesel,2239879.361
2132000,4044,15.27955046,17.3848124,316,242,5.537764192,2,TRUE,Diesel,1384778.92
2243000,3833,15.26110404,20.74101466,282,235,6.995653733,2,FALSE,EV,1487029.324
2935000,4935,37.16330423,18.68976309,354,220,10.33235527,6,FALSE,Petrol,1382264.776
3300000,537,46.2103485,23.15310999,296,252,7.98603745,8,TRUE,EV,1448691.372
1862000,4050,40.30622022,23.65071099,554,206,8.657699222,4,TRUE,Petrol,776975.7376
1907000,1704,48.48491676,18.10935969,483,211,4.628402757,2,FALSE,Petrol,956078.2904
3203000,763,34.05172861,22.12825612,493,238,7.881480183,4,TRUE,Petrol,1930882.302
3269000,4195,59.25620102,24.62274129,321,237,5.050433472,4,TRUE,Diesel,1669130.577
3083000,4392,31.78899053,27.45658572,272,262,9.097790636,5,TRUE,Diesel,1649822.453
3220000,3800,22.25643331,13.11813225,368,242,9.274584043,8,TRUE,EV,1587232.36
1869000,1014,24.88435562,19.53191031,401,236,4.655240861,8,TRUE,Petrol,548557.282
2864000,1789,59.93796815,27.18889447,583,211,12.49480796,6,FALSE,Diesel,1177564.724
2233000,1619,59.84606161,15.12381785,352,193,5.660768419,4,TRUE,EV,869506.1759
1874000,799,50.325141,21.99080913,553,229,11.48751934,4,TRUE,EV,704794.1988
3476000,1710,47.11955215,14.58851702,451,228,12.15641506,6,TRUE,Petrol,1749568.882
2002000,551,33.90205847,22.39537419,546,201,10.05949376,5,FALSE,Petrol,872649.4515
3722000,1063,51.79110152,24.24448414,531,232,11.34983321,8,TRUE,Petrol,1750565.481
4486000,1851,24.4399704,29.64059367,442,234,4.165849912,7,TRUE,Petrol,2768449.2
2540000,2223,19.29225625,14.60841169,318,197,12.52842272,8,TRUE,Petrol,1037837.763
2598000,2237,17.72172489,27.19847464,574,181,4.915594704,5,FALSE,Petrol,1548396.069
3010000,941,49.97620785,23.665751,528,233,4.817972977,4,TRUE,Petrol,1652524.291
4173000,1399,17.5594097,10.00833292,594,189,12.97850522,8,TRUE,EV,2453374.783
2510000,3715,36.24547201,10.6126988,470,239,6.450127142,7,TRUE,CNG,994316.5416
3699000,3613,30.25775185,17.26460861,388,269,13.45676309,5,TRUE,Diesel,2147169.569
2044000,3992,46.11753431,29.69154937,347,222,7.731917457,6,TRUE,Diesel,614697.8725
3241000,3195,35.11310512,12.01430224,539,210,5.396183974,3,TRUE,Petrol,2044834.779
3584000,713,20.07507291,16.42694273,387,218,12.69046763,4,TRUE,Diesel,2290706.294
2164000,4440,20.59420784,15.13000552,578,189,8.356040084,7,TRUE,Petrol,906883.2479
3982000,2153,29.76005897,16.89560506,335,229,7.252055961,7,TRUE,Petrol,2238791.231
2431000,1252,17.33496338,18.02967273,405,204,8.768125921,6,TRUE,CNG,1214477.228
3839000,664,34.00830979,17.12571877,534,183,8.624404527,4,TRUE,Diesel,2432751.029
2573000,2268,47.62843509,22.65947957,318,181,12.30531746,7,TRUE,Petrol,890836.6872
4071000,1500,32.47551753,16.47011035,255,211,10.86522046,5,TRUE,EV,2451142.289
2261000,3028,17.79377839,28.08602739,273,225,8.06694002,4,TRUE,Diesel,1259536.019
3477000,2160,45.61252103,28.58330801,449,246,9.224187678,5,TRUE,Petrol,1907451.993
3111000,1507,21.06052012,23.87545454,560,237,9.340248859,7,FALSE,Diesel,1678778.785
1952000,2375,23.47463096,23.69022499,358,212,8.491824323,3,FALSE,Petrol,1079758.62
2242000,780,22.88822765,18.67820782,559,223,7.639255477,7,TRUE,CNG,971920.0667
3581000,932,24.63025988,28.29654954,537,214,13.40181054,4,TRUE,Petrol,2304013.809
3174000,3269,45.90424688,19.86903062,394,223,7.448890702,2,FALSE,Petrol,1937120.143
4094000,1782,21.77937559,26.37889272,471,239,10.17927407,7,FALSE,EV,2454843.183
2613000,655,54.20144643,15.79472175,439,205,12.85906322,5,TRUE,Petrol,1095479.826
3636000,3637,22.69275903,27.01658477,401,250,4.136184925,2,TRUE,Diesel,2566205.819
2914000,4941,46.17018236,11.93391525,423,242,10.82710183,5,TRUE,Diesel,1374347.238
3752000,4419,55.14080337,19.35361634,423,228,6.601743271,3,TRUE,Petrol,2208446.06
2738000,512,37.64928649,10.47905548,281,201,13.430198,2,TRUE,EV,1619380.064
3397000,2987,51.56568657,25.699141,315,181,6.983173019,8,TRUE,Petrol,1450266.668
4270000,4940,30.87679052,24.28065489,288,268,12.99616259,6,TRUE,EV,2499998.785
2676000,1355,25.15015004,27.70671921,440,237,5.679049971,5,TRUE,EV,1515483.287
3463000,3659,27.572676,19.68603179,517,217,8.574753897,4,TRUE,Diesel,2163186.121
4171000,3976,55.89834514,11.64948505,546,248,6.612682271,8,TRUE,EV,2081841.137
4396000,2927,33.70241909,28.38453627,360,236,11.5212036,8,TRUE,Diesel,2400107.281
3854000,556,56.76903255,13.90539869,300,245,4.35649785,6,TRUE,EV,2001910.529
2838000,4597,51.15878652,12.55767423,312,232,10.54790121,8,FALSE,Diesel,932423.4
3930000,2753,27.39805059,24.18763552,507,184,9.722419113,6,FALSE,EV,2368267.467
3064000,666,50.0348672,24.28440085,428,224,6.21854857,7,TRUE,Petrol,1361137.031
3805000,3104,56.91628418,12.33880675,403,264,9.305260072,8,TRUE,Petrol,1706894.345
2843000,2176,15.98135775,17.22933635,445,195,13.16440652,3,TRUE,EV,1862150.232
3641000,3850,56.90246239,11.91902527,401,215,13.80461666,4,FALSE,Diesel,1923212.399
3624000,2576,29.50261475,19.19619007,395,185,12.81258961,6,TRUE,Diesel,2015102.978
2551000,2364,48.88621379,26.66593749,292,220,8.670844928,7,TRUE,Petrol,888561.5795
3446000,2064,52.53839854,29.39188452,254,239,7.144227978,2,TRUE,EV,2095893.569
3355000,2955,42.05496856,16.11114797,535,265,5.264460155,5,TRUE,CNG,1856368.993
3207000,4245,54.35521602,24.79249531,402,245,6.921768554,6,TRUE,Petrol,1483511.016
3247000,1548,53.18600221,26.51045457,455,226,10.1014633,6,TRUE,Diesel,1531886.226
2905000,2478,41.48074248,22.33271357,357,183,13.43977382,4,FALSE,Petrol,1521823.279
3302000,606,31.96737614,16.73595805,352,265,10.81264407,8,TRUE,Petrol,1560934.417
4375000,2866,16.05755505,21.83529169,383,248,10.45736017,7,FALSE,Petrol,2680105.381
3795000,4651,59.84125067,11.91496086,357,246,13.86859776,7,TRUE,Diesel,1697344.537
2046000,4811,26.25728532,16.15992769,524,183,8.141784302,7,FALSE,Petrol,739299.2874
2856000,2983,25.56032153,15.37621997,449,229,5.950618999,4,TRUE,Petrol,1707367.152
4173000,1684,20.35435425,15.4206249,392,245,4.450237418,7,TRUE,Petrol,2523141.586
2106000,1234,56.39507815,25.53317725,399,194,7.390940013,2,TRUE,EV,1028155.44
1875000,574,48.4737703,15.25496826,280,199,7.007403416,2,TRUE,Petrol,860885.9426
2691000,4104,58.64438658,23.88492901,264,198,5.334538501,5,TRUE,EV,1114735.746
2745000,2427,58.92263118,17.41560068,531,236,8.336296623,5,TRUE,Petrol,1199662.447
1889000,4209,34.20663761,26.55152996,545,208,13.67480339,8,FALSE,Petrol,419335.428
3546000,4312,23.4987834,27.8101534,529,235,5.557570693,6,TRUE,Petrol,2109469.718
3254000,4504,42.71771105,10.23101855,336,192,5.891782858,4,TRUE,Petrol,1800953.477
4415000,2620,19.96726126,23.83140919,547,245,9.905135615,7,TRUE,Diesel,2718510.98
3025000,4356,38.89971351,29.42903434,287,204,8.321235808,2,FALSE,Diesel,1848511.229
3454000,2176,23.95839731,28.45726697,388,198,7.320762202,4,TRUE,CNG,2183264.775
4393000,4120,17.19646427,15.64894132,349,224,8.018664694,3,TRUE,Petrol,3068831.939
2368000,1451,20.71137856,23.19578138,373,222,10.46167477,2,FALSE,Petrol,1535161.888
2016000,1400,16.41554361,15.44444573,578,255,4.771378405,4,TRUE,Diesel,1177642.044
2501000,4778,56.04976939,22.77826827,556,265,10.12379873,8,TRUE,Petrol,713175.3979
2629000,4142,16.90373954,19.05754813,519,200,8.501071846,4,TRUE,Diesel,1595332.319
1867000,1012,17.55314904,14.05091152,389,246,7.26161258,5,TRUE,Diesel,878099.6789
2548000,2729,42.26281813,20.20607304,298,266,13.92876699,5,TRUE,Diesel,1089466.835
4475000,1205,42.18567524,10.81132791,413,262,5.22117839,7,FALSE,EV,2561891.353
2962000,3597,37.44191656,28.33153988,320,208,7.69525365,8,TRUE,Diesel,1227438.496
3134000,2013,20.75124129,26.55995674,299,256,5.537402656,2,TRUE,Diesel,2155707.602
2324000,2016,29.23723492,11.57341192,530,246,5.514820023,2,TRUE,EV,1491376.818
2221000,3389,15.36464581,18.87781012,432,245,10.790568,3,TRUE,CNG,1343158.809
2176000,3381,23.36580331,18.22112009,385,214,13.50745381,6,TRUE,EV,923450.7878
2907000,2083,54.73576846,17.28618951,444,215,7.297774334,6,TRUE,EV,1271427.812
4207000,3985,25.01709331,26.68000998,424,254,8.091724599,2,TRUE,EV,2995117.866
4048000,615,46.14604893,28.21161742,567,190,7.07690285,3,TRUE,Petrol,2625372.181
3504000,1192,24.90152349,28.25420545,559,214,5.45767561,2,TRUE,EV,2520820.897
3690000,1321,38.44702127,20.16751667,550,180,13.75828244,4,TRUE,Petrol,2238103.441
4237000,4659,18.76637222,15.38462681,318,267,7.009737572,3,TRUE,Diesel,2909328.374
3023000,1823,44.33306608,20.00709818,496,251,11.97956509,4,TRUE,Diesel,1627564.958
1990000,4427,37.51845139,26.9178156,355,267,7.929177542,3,TRUE,Petrol,955837.7226
2495000,3255,47.54574708,15.95981999,408,227,13.88517416,2,TRUE,Diesel,1317049.198
2596000,2531,57.47683735,10.47744337,447,204,9.40420176,8,FALSE,CNG,732857.9042
2700000,1624,37.289592,13.75369808,597,193,9.728621767,6,TRUE,Petrol,1291646.332
4090000,4011,53.5736176,15.34127201,570,213,5.456848402,7,TRUE,Petrol,2141665.553
1976000,4798,26.79213035,22.64950231,520,244,8.80423519,8,TRUE,Petrol,585483.1951
2037000,1449,53.81295376,18.98143499,279,209,9.387657575,6,FALSE,EV,531494.7753
3692000,2499,15.36624514,19.7057323,420,191,9.237897363,3,TRUE,EV,2571004.904
4117000,3441,38.51102405,21.76704103,286,253,10.3747952,8,TRUE,Diesel,2102646.851
2562000,2981,15.13866189,20.98942446,415,191,8.768097781,5,TRUE,Diesel,1445351.505
2557000,4040,51.89758056,13.74045393,419,196,8.392201053,7,TRUE,EV,881294.3199
3915000,723,48.54035812,14.04764734,589,207,13.4076167,8,FALSE,Diesel,1918011.376
2393000,3153,53.41158243,10.80727808,443,213,11.51472225,7,TRUE,Diesel,698584.8103
2632000,3334,55.74784408,16.74066206,410,251,13.11074779,7,FALSE,Petrol,861805.2539
4180000,1742,51.26674191,18.09855484,317,229,10.85061084,8,TRUE,Petrol,2051698.182
2960000,4812,31.55964871,26.24647113,279,252,6.678665475,7,TRUE,Diesel,1363508.212
2984000,4912,22.05865823,25.49001124,409,231,10.94542108,6,TRUE,Petrol,1594202.301
4039000,1503,39.99035647,17.09116516,517,222,8.056455145,6,TRUE,Diesel,2324467.925
3215000,630,20.72163695,18.44125528,379,221,8.53040499,5,FALSE,EV,1947454.538
3820000,2958,58.98627549,27.71405087,484,234,12.64067379,6,TRUE,CNG,1899570.001
2629000,2524,33.2886556,23.06977625,435,240,6.508331677,8,FALSE,Diesel,1047400.952
3714000,1018,38.58045934,18.67773945,372,184,13.50100678,5,FALSE,Petrol,2109939.441
1969000,1657,44.03209281,19.75783561,408,226,9.17663422,2,TRUE,Petrol,996276.8236
4112000,2265,51.23759323,26.26547805,432,211,11.73682984,5,TRUE,EV,2346763.813
3328000,1607,34.44189802,16.98571862,301,196,5.191144661,3,FALSE,Petrol,2078786.218
2095000,639,16.60233692,28.64372522,292,256,6.050896811,8,TRUE,Petrol,789464.0891
4136000,2014,47.41926504,12.8178005,334,213,11.8355713,8,TRUE,Petrol,2040155.855
2156000,3226,23.02193362,26.26798517,323,235,11.24477667,3,TRUE,Diesel,1205259.544
2464000,3187,46.79933159,29.01975404,529,247,10.93121138,8,TRUE,EV,800266.5844
3481000,3604,24.81671164,21.49089414,566,235,11.23534549,8,TRUE,EV,1826051.134
3507000,4067,52.50992695,13.04972698,260,242,13.63069441,8,TRUE,Petrol,1433821.134
1921000,1632,49.16521163,14.11539799,428,220,13.80086904,2,TRUE,Diesel,862196.2538
3465000,2467,44.15204792,26.0496532,487,180,6.92777206,8,TRUE,Petrol,1630890.29
2441000,3544,16.41356179,22.80698554,392,234,8.371841115,8,TRUE,Diesel,1029779.963
2050000,2185,24.2306993,15.36949052,564,252,9.542882342,3,TRUE,Diesel,1181335.404
4281000,3766,15.96477848,11.73732551,488,207,12.61442436,6,TRUE,Petrol,2691577.059
2356000,832,24.31952454,25.53638453,304,267,13.10951035,4,FALSE,EV,1278346.81
3976000,4193,16.82130389,26.56783367,412,240,13.03059948,8,TRUE,Petrol,2234222.722
2397000,2982,39.07045455,13.45100642,401,184,5.889904266,8,TRUE,Petrol,786872.7687
3272000,2756,34.80260639,16.592715,367,227,8.332940814,6,TRUE,EV,1728141.795
2009000,4498,59.92576925,19.31002661,441,202,6.012945686,8,TRUE,Diesel,261884.634
2912000,2261,45.33972156,26.9384125,262,221,5.582531465,8,FALSE,Diesel,1121248.218
3976000,3352,52.55473905,23.06024407,418,254,6.560486106,6,FALSE,Diesel,2121254.518
3104000,4647,57.17210174,26.76467455,323,212,6.076829089,2,TRUE,Petrol,1756176.119
4310000,1348,47.72591909,21.97780457,358,221,7.831350936,3,TRUE,Petrol,2735601.982
2000000,1316,41.39624738,27.43277118,298,236,4.692921853,4,TRUE,Diesel,857222.247
2775000,3732,21.33554104,17.54277485,529,267,9.410465769,4,TRUE,Diesel,1669185.088
2540000,1382,55.3171696,18.32736875,323,257,7.239016226,6,FALSE,Petrol,933389.4231
3219000,3692,17.94145137,14.79640453,355,224,8.549644604,7,TRUE,Diesel,1712100.931
2967000,2576,50.38239644,22.38153995,530,262,4.464970243,7,TRUE,Diesel,1286151.369
2869000,3861,48.53397089,26.64584112,508,207,13.77395353,7,FALSE,Petrol,1151907.169
3600000,4933,34.25034994,28.63219455,253,204,10.86862734,4,TRUE,Diesel,2115337.067
4137000,877,32.12860479,28.97239704,504,254,7.95346992,7,FALSE,EV,2422479.575
4143000,4856,43.81251049,28.76920704,496,210,12.72105348,3,TRUE,Petrol,2615617.716
3377000,3177,31.03617566,28.74802656,460,255,4.654614831,5,TRUE,Petrol,2005843.965
3813000,2465,34.35289819,17.0271395,291,259,13.75101422,6,FALSE,Diesel,2080571.962
3317000,538,24.0099843,18.80909079,539,202,6.556317211,5,TRUE,Diesel,2032143.609
3272000,4352,49.61974259,17.02640566,292,203,4.693836383,8,TRUE,EV,1370646.026
2122000,2315,37.79864339,28.59763993,538,207,8.226228844,3,TRUE,Diesel,1121753.601
2390000,3605,27.55671961,12.36691472,422,259,12.71833781,4,TRUE,CNG,1228404.48
2773000,4200,35.76252537,11.27010202,551,224,11.28505379,6,TRUE,Diesel,1299083
2737000,2620,44.17827287,23.44578281,507,216,8.865143805,5,TRUE,EV,1352342.09
2072000,3515,33.86527452,24.22525421,432,198,6.82223464,8,TRUE,Petrol,595740.5746
1915000,4297,33.64186354,25.32337634,272,262,7.000562448,6,TRUE,EV,633305.777
1933000,3970,28.51619855,28.32609894,407,191,9.207348846,3,TRUE,Petrol,1016232.293
2960000,661,43.23322425,22.84175568,548,199,8.85128701,5,TRUE,EV,1571710.549
2626000,2298,30.94155268,20.47885311,595,204,10.38541746,8,FALSE,EV,1107925.967
4163000,1134,34.48780362,12.24971037,503,236,6.073356342,5,TRUE,EV,2605638.594
4370000,2546,50.69962809,27.28353188,264,227,5.40390338,2,TRUE,Petrol,2846009.57
2596000,4286,31.50657749,29.91645744,363,259,8.350651995,2,TRUE,Petrol,1608604.557
3962000,3548,29.47895707,14.48801725,369,184,7.236515933,6,FALSE,EV,2332345.318
3994000,2056,18.72973604,21.21981734,541,193,9.531829966,8,TRUE,EV,2318201.178
2156000,4528,43.02185955,18.75564661,529,206,9.707326128,8,FALSE,Diesel,545417.4884
2668000,3266,26.12658146,14.88451938,334,212,12.3592107,6,TRUE,Petrol,1268703.244
3977000,1269,32.6922828,15.81729475,373,233,11.4983448,4,FALSE,CNG,2468311.666
3998000,1969,50.54746505,10.45968965,337,231,5.311766812,2,FALSE,Petrol,2551297.129
3188000,1523,25.45983753,27.39449051,346,241,12.22226603,8,TRUE,Petrol,1530233.096
2091000,4918,41.5262726,19.11940289,477,242,5.040804582,3,FALSE,Diesel,1028635.434
3288000,604,55.82664487,16.31065546,290,186,5.195534783,2,TRUE,Diesel,1926662.869
3617000,4509,22.37500782,29.39957957,557,245,8.938427521,8,TRUE,Petrol,1966664.809
1997000,2702,53.34954478,26.38454805,401,209,11.75021685,6,TRUE,Petrol,503739.1839
2711000,1894,54.68572784,24.95161288,521,263,5.324855743,8,TRUE,Petrol,951474.2409
2410000,1952,41.38778582,24.22642617,513,215,5.480372114,4,TRUE,Petrol,1236730.435
2092000,2171,54.28930126,16.76607624,479,226,9.786351255,6,TRUE,EV,613045.8615
4094000,4665,50.46074269,26.55294778,517,235,6.841158584,2,TRUE,Petrol,2662853.16
2661000,1479,52.01478629,18.62220211,522,251,7.88907782,6,FALSE,Petrol,1116238.905
3072000,1555,32.87440968,26.67357439,391,228,10.23980696,3,FALSE,Diesel,1877298.13
3439000,4849,47.78591126,21.10568456,436,238,6.565855526,8,FALSE,Diesel,1528307.043
3760000,2511,30.4197747,11.28803628,420,255,9.211011738,7,TRUE,Diesel,2038077.839
2330000,2879,43.10246345,22.97860296,417,229,5.136812932,6,TRUE,Diesel,914660.4615
3472000,557,54.80107015,16.526444,461,207,5.307731683,4,FALSE,Diesel,1931394.786
1963000,3832,15.99155222,17.88115399,554,241,4.852094341,7,TRUE,EV,838636.006
2030000,1873,53.0880678,13.97250764,551,208,7.304164182,7,FALSE,Diesel,491670.7206
3770000,2929,53.49916934,26.96174243,464,237,5.011723231,4,TRUE,Petrol,2192157.205
4212000,1630,58.99275049,23.1237291,461,269,13.16548239,2,FALSE,Petrol,2633098.701
3666000,1393,50.16328593,27.04624925,318,201,5.510573584,4,TRUE,EV,2128774.236
2229000,4092,25.45895316,29.79069898,265,261,11.46338964,2,TRUE,Petrol,1325036.264
2368000,2833,29.05569001,28.59952447,375,197,13.52604334,3,FALSE,Diesel,1313258.479
3487000,3508,39.72042367,10.42312975,576,238,8.208818847,7,TRUE,EV,1795934.432
2122000,1266,22.72235232,12.95092384,362,220,5.330179316,6,FALSE,Petrol,947532.1683
2760000,2410,40.29891125,25.7654678,499,226,10.59432334,7,TRUE,Petrol,1180279.803
3643000,4669,53.26834723,17.25231996,395,191,10.99638673,6,FALSE,Petrol,1795706.3
2003000,3153,37.89875262,11.92536153,365,244,7.473511351,2,FALSE,EV,1078359.194
2844000,2902,35.18944328,29.84939849,376,252,13.87772297,5,TRUE,Petrol,1445874.655
2374000,910,35.34214431,22.55743273,436,259,4.75355826,6,FALSE,Diesel,1052699.743
2099000,4060,57.37506896,10.79715392,476,252,8.771395774,5,TRUE,Diesel,644049.5636
1899000,3808,31.64701486,17.53792708,251,258,13.5189965,5,FALSE,Diesel,652400.8224
3054000,1798,16.00046416,12.66792025,531,223,4.914973034,4,TRUE,Petrol,2002833.377
3476000,4534,20.85432622,24.52417127,322,259,6.135871846,3,TRUE,Petrol,2313112.081
4041000,1186,43.34711455,21.01382508,589,210,5.255798951,3,TRUE,Diesel,2637615.572
3438000,3844,44.86211333,17.93139325,294,265,9.540718021,5,TRUE,CNG,1785642.357
3814000,1755,16.53686524,20.76666021,363,248,4.982413834,2,TRUE,Diesel,2758735.238
3981000,3459,25.50224097,20.56228651,292,238,5.973502909,2,FALSE,EV,2786003.304
3739000,2620,20.41505056,29.58712151,409,260,5.527480456,6,TRUE,EV,2301997.307
2220000,876,23.65690555,12.98518058,520,237,8.529601103,8,TRUE,Diesel,825698.9476
3885000,3220,50.88655971,20.13639873,591,254,9.864699954,5,TRUE,Diesel,2182207.961
2147000,670,31.78497797,27.15291694,497,204,6.37984773,6,FALSE,EV,946935.807
3205000,2742,33.49084204,21.87860565,580,238,10.75179028,6,TRUE,Petrol,1720315.063
1819000,2460,52.08695525,29.72801906,436,256,12.66972453,5,TRUE,EV,503991.3936
4150000,1232,52.20215867,17.63031853,396,199,8.200491348,6,TRUE,Petrol,2266320.847
1803000,3250,51.38511259,26.99750192,409,219,4.071972624,7,FALSE,EV,343588.65
2894000,2439,54.50530992,28.60327408,266,221,12.65939781,8,FALSE,Diesel,962514.9022
2041000,3273,26.19792948,11.21348985,463,182,12.46712071,8,FALSE,Petrol,594491.1016
3226000,970,29.0421314,28.89426476,581,250,5.626973964,6,TRUE,Diesel,1842003.339
3279000,4144,36.88319253,27.17718378,338,224,11.74009461,2,FALSE,Petrol,2062458.448
3439000,4864,40.94131085,10.28190264,378,251,8.420321982,2,TRUE,Petrol,2156067.592
2136000,4274,27.97295231,19.00778784,544,220,8.789875857,2,FALSE,Petrol,1306637.067
2601000,2098,59.79004272,23.6219575,268,224,13.70848851,3,TRUE,CNG,1155375.326
2390000,3031,44.35154659,11.7817511,595,185,5.911483788,7,TRUE,Petrol,884860.869
3463000,603,17.59528056,23.60842024,504,239,6.755564521,8,TRUE,Petrol,1921194.982
1898000,1546,37.26107435,17.50662263,329,208,12.83824761,4,FALSE,Petrol,758447.9336
3163000,804,34.56747249,29.58426711,567,226,6.962718434,6,FALSE,Petrol,1731188.119
4368000,970,32.48652548,21.61764782,471,260,13.86427409,6,TRUE,EV,2640503.108
3766000,874,55.33453083,26.27597635,328,256,13.11093623,4,TRUE,CNG,2067965.11
3422000,4625,44.58816943,10.85945553,581,258,9.020743684,5,TRUE,Petrol,1863181.294
2146000,706,29.50226476,16.18811704,596,184,12.47773637,7,TRUE,EV,833166.1672
3965000,546,24.3479648,23.55044321,422,254,11.55049432,5,TRUE,Petrol,2491182.993
3678000,3358,15.67749483,28.53944411,495,204,8.052468208,4,TRUE,Petrol,2479531.188
4251000,2133,15.09441669,10.38354404,489,232,6.521448618,7,TRUE,EV,2652673.507
3488000,1108,38.28474062,14.01546794,483,219,5.167690546,4,TRUE,Petrol,2119644.401
1858000,1521,24.47068836,10.34138445,432,203,7.387023756,7,FALSE,Diesel,600622.3785
2373000,3790,29.24025405,20.7547381,536,215,10.03611296,6,TRUE,Petrol,1075162.886
2073000,1910,19.15966726,21.77370447,558,261,8.296429447,3,TRUE,EV,1293097.119
4129000,614,31.01444553,26.95320008,349,187,4.728873874,8,TRUE,Petrol,2294805.558
3395000,4409,28.22927354,16.05427535,528,223,11.6088266,8,TRUE,EV,1689688.692
3995000,3636,15.8074889,20.56010948,496,247,4.187246484,8,FALSE,Petrol,2345854.676
2911000,1544,51.93004833,26.82007192,490,229,6.21849695,3,TRUE,EV,1645828.603
1838000,3377,51.45924326,17.65059707,508,187,8.309306556,4,TRUE,CNG,613790.241
2361000,1755,32.644859,28.44204436,431,262,8.401161879,6,TRUE,EV,1062184.538
1973000,1666,38.43504079,20.96680391,564,194,9.723079561,7,TRUE,EV,613156.5656
2757000,2422,49.03535956,11.03924202,309,206,13.14500173,7,TRUE,EV,1014202.413
2036000,3755,58.27342385,10.09887792,527,255,5.961814149,5,TRUE,Diesel,623213.8067
1825000,2579,58.96871762,28.96022031,370,219,8.020914745,2,TRUE,Petrol,737523.0722
1913000,596,44.44216652,20.46707494,450,207,11.33208578,3,TRUE,Diesel,843461.2673
3467000,4567,20.15674928,26.62779969,563,186,10.30179288,3,FALSE,CNG,2334013.078
2833000,1024,34.41580694,16.70374876,500,230,13.27905858,2,TRUE,Petrol,1780690.532
2707000,1857,29.49249854,13.47611963,407,241,5.10177709,4,FALSE,EV,1572759.126
1878000,3286,54.46895412,25.66439901,329,187,8.420668818,6,FALSE,Petrol,395562.2307
2977000,3903,50.47206152,29.58506492,277,189,9.166005323,8,TRUE,Petrol,1096874.369
2263000,825,40.91539657,28.11818359,428,248,11.10573076,6,TRUE,EV,890216.3929
2185000,956,33.11782233,11.20104605,509,206,6.297294009,6,TRUE,Diesel,911830.892
4478000,3183,26.9579644,24.61779911,407,252,4.254052823,5,FALSE,Diesel,2898575.896
2517000,4848,45.43902117,21.45773953,406,244,8.921234623,8,FALSE,Diesel,782329.8174
3287000,1968,28.07661252,13.84654722,393,229,9.987419223,4,TRUE,EV,2005122.023
3455000,3217,37.94505995,21.40588612,443,220,4.724229701,8,FALSE,Diesel,1671525.114
3873000,1772,23.96495215,15.14363283,553,197,9.039161689,3,TRUE,Petrol,2658691.558
1861000,3585,48.34487121,19.79872751,474,265,4.060572806,6,TRUE,Diesel,495477.3943
4352000,2153,44.79974905,18.2095681,556,260,5.138756071,6,FALSE,Diesel,2554885.63
2242000,3718,54.76003441,15.26433271,282,266,4.454025045,8,TRUE,Petrol,486579.8991
2591000,558,47.18999543,27.65695565,416,194,13.94086073,3,TRUE,Diesel,1341313.569
2122000,1180,16.97485921,24.04009116,482,229,8.227149355,2,FALSE,EV,1443825.464
2948000,1161,54.68465997,29.13104197,251,260,11.52239725,3,TRUE,Petrol,1530645.878
2933000,1584,45.28274638,29.69553586,400,250,8.721086644,2,FALSE,Petrol,1774064.926
3304000,1092,44.68646797,20.19184299,362,185,13.12171215,2,TRUE,EV,2031929.606
3919000,4108,46.13306887,20.82571796,445,255,13.72770165,6,TRUE,Petrol,2088378.476
4141000,3565,53.87396887,23.05371644,502,206,8.172988872,8,FALSE,EV,2075570.132
4492000,684,38.03147855,22.66767164,595,266,9.24710482,5,TRUE,Petrol,2841775.075
3307000,2011,17.80194026,13.13198472,513,232,13.05458937,8,TRUE,Diesel,1706616.724
3037000,917,27.48359141,26.81682653,344,189,10.58823792,5,TRUE,Diesel,1696388.821
2604000,3768,41.31010552,16.97039643,413,255,7.667454659,5,TRUE,EV,1240865.938
3798000,2626,25.76353618,19.82567254,315,212,11.3221305,6,TRUE,Petrol,2193636.347
2948000,1399,38.40465979,22.70628165,581,201,6.515464611,6,TRUE,Petrol,1516663.786
2932000,2562,40.50612737,12.65335998,450,210,12.47622433,2,FALSE,Petrol,1767393.292
2531000,3148,17.74635545,16.11622983,272,260,12.18010316,8,TRUE,Petrol,1029977.172
2304000,3322,16.3169698,11.76667322,433,221,10.04020046,2,TRUE,Petrol,1513870.368
2753000,3151,16.71876433,12.45772725,413,229,9.069640401,8,TRUE,EV,1287174.059
2946000,2459,46.0651847,11.53862054,377,209,6.437050069,6,TRUE,Diesel,1344128.549
3311000,821,24.17014248,21.79425972,494,238,6.00384061,6,TRUE,Diesel,1924252.808
1987000,2165,59.36245206,13.67984309,530,220,5.641449435,6,TRUE,EV,521456.6606
1881000,1252,16.72545992,25.20380645,586,267,12.09439035,4,FALSE,Diesel,1027898.875
2737000,4825,50.18987365,25.81448735,478,204,11.42327088,5,TRUE,Petrol,1232615.638
2683000,1452,21.53792617,18.45220474,499,267,6.626233634,3,FALSE,EV,1755091.613
1814000,3181,56.89744159,27.71753258,585,220,10.95024055,6,FALSE,EV,390818.0029
4416000,2667,40.08380369,10.37649754,279,225,4.35353066,2,TRUE,Petrol,2976458.552
3889000,2254,46.15590867,10.27178044,366,204,4.320531622,7,FALSE,Diesel,2010263.683
1811000,3667,33.31169695,29.14666419,368,255,5.748270964,2,TRUE,Petrol,987908.0803
3633000,992,17.60663405,20.7565833,439,223,13.01051695,7,TRUE,Petrol,2080149.097
1857000,4958,39.93318439,23.62281516,260,225,13.29060645,4,TRUE,Petrol,648982.8069
3890000,2527,17.03896928,10.29878724,564,215,4.800759576,4,TRUE,Petrol,2663206.895
2415000,1595,26.2225515,23.61055001,463,206,4.884494852,5,TRUE,Petrol,1286187.43
3014000,4108,52.42087827,28.88105283,395,253,13.39137754,6,FALSE,Diesel,1296435.014
1870000,829,47.20918075,16.04533356,559,217,7.230482888,5,TRUE,Diesel,635738.0992
3305000,3497,33.97624335,13.033006,491,205,6.739596951,6,TRUE,EV,1795383.736
3825000,1276,31.85029293,28.54615155,270,241,8.156511541,3,TRUE,Petrol,2487347.693
3322000,3616,49.27376127,23.26393453,561,252,11.23612868,8,FALSE,Petrol,1439626.167
2184000,1300,33.45760671,24.30407828,547,189,10.21202129,6,TRUE,Petrol,918704.5393
2841000,2060,46.40550336,22.58906391,337,206,13.29199574,8,TRUE,EV,1033860.201
3456000,4967,42.68344269,14.20588316,562,209,6.041923367,5,FALSE,Petrol,1925772.643
3848000,1497,54.61063303,23.77363411,468,241,9.950933474,5,FALSE,Diesel,2103015.01
2973000,1684,57.95720076,15.43978384,341,244,8.617057733,7,TRUE,CNG,1122272.68
4219000,1455,56.78291578,12.89199892,559,253,7.038273136,6,FALSE,CNG,2300370.76
3636000,4402,43.82293447,14.3317115,521,219,5.294034611,8,TRUE,Petrol,1759920.009
3904000,3870,38.2657204,12.28060977,380,194,5.295054639,8,TRUE,Diesel,1982456.667
1850000,2324,24.85490675,14.26376363,526,200,11.9101249,4,TRUE,EV,910050.03
4337000,1894,52.24495918,28.56497419,321,199,6.350782737,3,FALSE,Petrol,2718491.697
2633000,1771,49.74860564,25.46181477,539,225,8.039563086,4,FALSE,Petrol,1326408.573
3571000,1469,22.44485189,17.1869873,324,237,11.17707615,7,TRUE,Petrol,1956539.242
2933000,2067,25.83285088,18.08078361,257,260,8.067245292,4,FALSE,Petrol,1713786.635
3953000,2006,47.6757445,29.81340208,448,228,10.24370096,2,TRUE,Petrol,2566100.219
3528000,2400,53.55473461,13.60023495,498,218,7.349894652,5,FALSE,Diesel,1861956.341
3339000,771,29.11753738,18.44176034,400,206,7.143549222,3,FALSE,Petrol,2160911.573
4287000,2415,25.71040167,29.28173198,426,205,12.01424392,5,FALSE,Petrol,2726587.043
2532000,4021,31.33541814,22.20828258,417,200,5.864476997,7,TRUE,Diesel,1074719.735
3011000,3060,33.5037502,28.51942178,414,208,13.07803588,3,FALSE,Petrol,1807715.427
1910000,621,35.46886533,20.72586093,462,184,8.875553392,5,FALSE,EV,782995.9009
2595000,2018,32.59102919,16.68523178,417,216,13.15329962,7,TRUE,Diesel,1061974.822
3525000,602,48.74359235,19.40967006,388,216,8.868424359,3,TRUE,Petrol,2103249.673
4347000,4250,17.69913063,13.76337113,592,236,6.826720301,3,FALSE,Petrol,3099747.029
4477000,2521,42.37451277,29.80174044,354,234,8.642283838,2,FALSE,Petrol,3017080.478
2330000,1006,30.10820886,14.50446052,419,190,7.538920166,5,TRUE,Petrol,1141502.131
3792000,968,30.38846875,10.9252724,523,254,12.13833193,3,FALSE,Petrol,2496964.422
3773000,3437,16.44887068,21.96036447,582,256,9.250740638,6,TRUE,EV,2367262.074
4408000,4903,52.43351818,29.40346292,313,195,4.004141559,6,TRUE,Diesel,2451341.379
3745000,1326,47.3964644,20.18676322,317,204,10.67024637,3,FALSE,Diesel,2241669.722
3533000,4801,46.67767726,29.77559242,366,251,8.953019476,8,TRUE,Petrol,1595622.164
2430000,1303,18.39555011,16.90743133,532,221,12.447434,2,FALSE,Diesel,1619973.531
3007000,2423,24.26308817,23.13987083,368,197,8.422812239,6,TRUE,EV,1631486.016
3296000,4390,36.79327234,22.98224035,343,255,5.207965781,2,TRUE,Diesel,2115527.63
3011000,3011,31.69579809,18.44460943,558,268,7.338354601,7,TRUE,EV,1510628.499
2872000,1973,47.79858434,11.99982959,372,224,6.455783946,4,TRUE,Diesel,1472041.419
3181000,4907,39.79653236,24.58376538,361,251,13.25379407,6,TRUE,Petrol,1545461.102
2242000,1803,38.09229797,18.35970784,484,249,13.05260098,2,FALSE,Petrol,1265624.869
3384000,3685,16.92670749,17.23434919,367,201,12.4780023,7,TRUE,Diesel,1829237.521
3127000,4578,46.78601674,18.04095434,456,261,8.955885307,7,FALSE,Petrol,1382888.552
3197000,2598,42.23119512,29.24899753,576,206,11.64791319,3,FALSE,Petrol,1931282.325
2512000,3808,53.63559365,23.50449973,283,206,4.831556809,6,FALSE,EV,933636.611
3167000,3806,43.08490971,11.78781793,268,254,12.9859735,2,TRUE,Diesel,1855116.101
4257000,4933,58.71970241,20.70543746,491,267,7.447323361,3,TRUE,Diesel,2575713.889
2975000,4980,42.35632556,28.58152392,534,230,13.67542517,5,TRUE,EV,1516826.253
3376000,3861,46.77829502,11.80809687,422,221,7.375711877,2,TRUE,Petrol,2080877.124
4054000,517,49.31366068,21.3599211,291,241,6.5107415,8,TRUE,Diesel,2003686.389
2001000,1308,54.57210337,26.28993472,361,255,5.186411044,8,TRUE,Petrol,348055.5722
4476000,4088,55.13343654,20.30854279,372,206,7.254175622,6,TRUE,Diesel,2461968.703
2145000,644,52.23774036,26.92157211,440,190,6.149033309,2,TRUE,Diesel,1100706.674
2012000,2577,29.90092473,29.11502972,516,265,13.36501122,7,TRUE,Petrol,675672.2269
3036000,2627,19.76183925,20.86400449,281,192,4.11226898,7,TRUE,Diesel,1579535.782
3477000,3939,36.52810884,23.39455574,450,256,8.295982917,5,TRUE,Petrol,1982147.125
3333000,2862,26.27794395,11.48331185,422,265,6.969569562,2,TRUE,Diesel,2252252.702
3727000,3297,54.9839681,14.62143599,378,266,5.951300651,2,TRUE,Diesel,2278994.81
4442000,2625,29.4325204,29.94400631,468,214,7.87484468,4,TRUE,Petrol,2955080.565
4289000,1786,44.39067619,28.7301333,250,208,9.41451993,5,TRUE,EV,2531557.565
3036000,2957,22.45586667,20.99004371,251,255,13.42938124,4,TRUE,EV,1794274.497
3539000,3773,30.03672159,26.69775919,262,229,7.575914767,2,TRUE,Petrol,2354157.146
2916000,4932,46.36477263,15.86150652,392,235,4.655930001,3,TRUE,CNG,1603497.942
4436000,4921,43.88671321,26.82995898,355,254,8.316007885,7,TRUE,Diesel,2432027.788
3521000,2382,17.51167301,20.60653404,416,243,11.38468615,7,TRUE,Petrol,1989422.085
2781000,4524,34.93407218,11.19350506,572,228,10.89177801,6,FALSE,Diesel,1320589.153
4363000,2465,30.210015,28.23828162,285,264,4.683186374,6,TRUE,Diesel,2646449.801
2318000,2859,32.92444735,21.52286046,285,239,11.96065924,3,TRUE,Petrol,1221396.694
2411000,3832,49.41420382,16.30448403,307,234,11.01620855,4,TRUE,CNG,1007437.286
3467000,1428,40.84417621,14.32759606,533,231,12.26425336,7,TRUE,Diesel,1722856.899
2732000,4943,35.30466865,25.81182999,477,247,6.600010517,5,TRUE,Petrol,1413484.648
2673000,3227,38.12457497,23.77946671,535,265,5.584927445,5,FALSE,Diesel,1365629.412
3842000,4956,32.20844761,21.97700868,418,234,8.343430287,4,TRUE,Petrol,2395592.96
3198000,4507,38.13431918,24.2392712,433,212,5.305465422,6,TRUE,Diesel,1648890.745
2156000,883,26.8047668,11.29313081,282,245,10.58228253,6,FALSE,EV,881679.7024
3477000,3895,31.08422257,24.4405819,446,257,13.53837204,5,TRUE,Petrol,1996349.813
2893000,4463,32.06934403,12.43815013,335,180,7.364063678,5,TRUE,Petrol,1512398.028
2575000,4804,58.14736692,29.96967367,381,188,10.02924047,6,TRUE,CNG,892522.3469
4453000,4509,49.92319675,24.09037538,593,248,6.206975014,4,TRUE,Diesel,2768867.232
3091000,3036,48.70300004,10.24390931,477,267,8.335154941,4,TRUE,CNG,1628105.269
4317000,3383,30.6971665,11.59106517,525,245,8.310124274,5,TRUE,Petrol,2718592.819
2478000,3356,42.01400922,12.51682314,275,202,10.82463456,8,FALSE,Petrol,745734.2114
4358000,4555,50.39349313,13.35245113,565,237,6.18782392,7,FALSE,Diesel,2365212.461
4434000,3568,54.09222085,13.44195221,363,229,12.2194482,5,FALSE,Petrol,2505768.181
2740000,4941,28.34013547,14.82630173,300,226,5.024011972,6,TRUE,CNG,1312349.834
2774000,3447,55.40884072,26.99446785,297,214,11.67468768,2,FALSE,Petrol,1470480.961
3761000,3526,58.64718062,26.33760396,313,218,10.59898506,8,TRUE,EV,1653819.346
3677000,3827,44.63607927,29.60146218,461,268,11.27552788,5,TRUE,Petrol,2050653.065
3821000,1189,51.27698334,25.96082665,354,204,13.95415096,3,TRUE,EV,2285605.655
3669000,1861,56.77363238,25.95681075,520,191,13.6642502,2,TRUE,Diesel,2219233.927
4439000,2530,23.16179196,17.77273944,333,218,9.613534309,6,FALSE,EV,2762380.46
3994000,587,33.8351919,28.3388023,344,256,10.49316975,2,TRUE,Petrol,2712495.435
4378000,4731,53.16185416,21.17043162,380,209,12.74474546,3,FALSE,Petrol,2667571.023
2006000,2051,43.51460255,29.65996571,458,196,5.392222495,6,TRUE,Diesel,674029.6533
2702000,3025,21.31286218,21.68486133,420,238,8.464019136,6,TRUE,Petrol,1407986.233
1951000,3120,19.30753991,19.01531268,457,202,10.28449003,7,TRUE,Petrol,721980.1383
3648000,2370,41.87016283,20.72433044,467,249,13.30739956,8,FALSE,Petrol,1741266.783
3453000,972,52.2478659,20.12757621,419,190,12.5210956,7,TRUE,Petrol,1587529.606
3879000,4784,52.6940492,10.19484868,359,244,10.92925432,7,TRUE,Petrol,1866311.443
2525000,1842,30.2429361,15.90024127,387,233,8.357401746,7,FALSE,Petrol,1073051.256
3733000,1178,28.77471059,14.31782948,373,213,4.038420545,7,TRUE,EV,2104328.003
3130000,1484,37.21571631,20.79465669,433,268,7.428699731,8,TRUE,Diesel,1407725.467
3974000,3837,49.84371755,29.91026178,567,186,13.99154262,5,TRUE,EV,2259319.746
3054000,1732,46.26056894,10.67222305,514,268,8.986724439,6,TRUE,EV,1479253.457
4295000,600,59.73471648,15.61476498,501,267,12.0754666,2,TRUE,Petrol,2711958.836
3098000,3328,19.91760156,18.50960562,466,265,8.192438746,3,FALSE,Diesel,2040424.43
3036000,2984,16.87066234,12.26728071,498,188,8.728458758,3,TRUE,Diesel,2019857.712
2446000,3672,46.04731415,29.65914699,570,221,8.349110462,5,FALSE,Petrol,1105647.571
2530000,1309,49.93329309,15.06685611,483,185,5.937967472,3,FALSE,Diesel,1319472.026
3992000,2167,17.12394709,25.95523011,334,207,9.197947529,4,TRUE,Petrol,2670421.804
4147000,3398,15.74978939,21.14013922,371,181,11.83159792,6,TRUE,Diesel,2564102.123
2769000,4638,59.1643247,23.48500038,272,209,13.26766753,4,FALSE,Petrol,1193796.393
3623000,2560,33.55381346,20.10804218,260,267,10.2478277,2,TRUE,Diesel,2361412.924
2413000,4403,57.9873052,25.5140926,593,254,12.90096367,8,TRUE,Diesel,607421.9545
3069000,3958,36.89880322,25.15978749,347,260,10.25793726,5,TRUE,Petrol,1609871.901
3620000,1218,41.07369783,11.36920359,504,180,13.19239177,3,TRUE,Petrol,2235549.986
3589000,4989,46.80258665,16.38641342,302,185,5.427890548,3,TRUE,Diesel,2118566.116
2284000,2963,45.08333071,18.89953653,386,251,5.229226298,3,TRUE,EV,1163797.415
2689000,2479,36.81778232,13.84735536,599,218,8.233590573,4,FALSE,Petrol,1490265.872
3405000,2038,24.3822312,14.60177835,460,204,7.192167842,4,TRUE,Petrol,2164031.599
3774000,3934,44.17174158,13.52451399,516,205,7.907189885,5,FALSE,Petrol,2150358.071
3965000,4449,48.08726176,16.63011256,343,203,9.113682686,3,TRUE,Petrol,2405746.913
3025000,1046,39.28429009,20.74654277,333,258,7.191374602,3,TRUE,Diesel,1783176.351
2109000,4663,35.74348508,23.58867992,289,190,6.287942978,6,FALSE,Diesel,747097.139
4079000,4636,23.3802453,13.87470469,439,225,8.706174162,7,TRUE,EV,2379180.09
2240000,4525,39.02607592,22.68454785,321,210,6.825944476,3,TRUE,Petrol,1133261.961
2802000,4606,18.91972006,19.72324877,379,197,8.875776203,8,TRUE,Petrol,1279646.77
3838000,3013,45.39061463,24.49794304,379,267,12.19897595,3,TRUE,Petrol,2339745.902
2249000,3544,54.23649632,14.52798704,455,202,9.53331698,2,TRUE,Petrol,1103501.206
3803000,4110,37.06924836,27.1073014,497,253,13.81699399,6,TRUE,Diesel,2098200.764
3261000,1786,18.81774317,13.84855037,426,253,9.886342115,3,TRUE,Diesel,2159976.603
3343000,1151,49.70332738,14.25389879,482,218,5.468867204,6,TRUE,Diesel,1678479.143
3712000,2163,16.64414427,23.62323105,536,266,6.685483721,2,TRUE,Petrol,2724115.188
2442000,1893,55.32231028,17.87508095,395,262,5.500560381,8,TRUE,Diesel,673893.9658
4252000,2281,40.56135742,24.22963604,285,207,6.732394825,5,TRUE,EV,2559599.754
3015000,3785,28.03821616,11.00856725,313,196,12.72892244,3,TRUE,Diesel,1790710.913
2635000,3308,59.34705949,22.49314444,322,239,13.13302302,3,TRUE,EV,1224473.974
2186000,4296,35.3317018,18.96141567,528,207,4.467157679,3,TRUE,EV,1214197.948
3746000,1317,32.08463008,14.13299953,472,247,13.77025246,6,TRUE,EV,2132034.785
4495000,720,55.48011339,16.33355136,408,222,10.34878043,2,FALSE,Diesel,2892786.691
3378000,1967,57.08282247,26.59854352,475,195,9.818388181,2,TRUE,Diesel,2005731.047
2667000,1514,35.04994362,15.23982565,377,185,11.41436551,7,TRUE,Petrol,1116871.409
1915000,1607,36.28284083,14.24381747,377,260,9.699851617,4,TRUE,Petrol,810898.1862
2610000,764,41.26408918,16.72691488,438,198,8.746129086,6,TRUE,Petrol,1154343.361
4248000,3733,33.16815361,10.17561929,331,222,11.16235428,8,FALSE,Diesel,2249644.263
1883000,2648,51.46451318,27.55371275,503,258,9.077857565,3,TRUE,Diesel,774626.6292
2628000,4215,37.52115864,15.78687404,406,248,11.53457453,4,TRUE,EV,1359387.911
3805000,1999,29.8724472,22.5057695,299,267,4.302788708,6,TRUE,Petrol,2218527.233
3893000,1779,30.2348652,24.1244435,497,216,12.81171902,3,TRUE,Diesel,2567614.435
2365000,4233,38.09379416,14.99321926,461,190,12.83036086,5,TRUE,EV,1044066.734
3581000,2093,49.56828955,29.04398283,511,212,9.598054203,4,FALSE,EV,2079951.12
4043000,3106,41.07676809,27.31378333,507,192,6.055137445,8,TRUE,Petrol,2137451.606
2082000,1579,32.65739586,19.04822161,535,238,4.370587539,2,TRUE,Diesel,1265964.566
2860000,1936,58.82107776,13.17325042,496,227,6.960867064,4,TRUE,Petrol,1393218.619
2782000,3172,15.28233111,21.46568298,510,203,4.192427464,5,TRUE,Petrol,1690165.888
2433000,3987,46.21552877,12.22537082,305,189,11.74134874,8,FALSE,Petrol,667737.2991
2612000,1846,32.07704598,22.91797523,450,232,11.89681042,2,TRUE,EV,1640068.087
2838000,1317,52.15908862,24.40620353,399,233,7.369510725,2,FALSE,Petrol,1633933.381
2195000,4585,43.36803993,17.73181913,342,255,4.858623717,5,TRUE,Petrol,868632.5347
2161000,4247,17.10360093,11.68299374,530,242,9.972745638,8,TRUE,Diesel,803659.4553
3044000,4991,25.43053172,20.58894788,324,203,7.963093476,3,TRUE,Petrol,1901540.827
3734000,3333,23.73678739,23.87118032,502,201,12.11397226,5,FALSE,Petrol,2304580.573
2471000,2307,27.82007813,20.95689148,411,199,6.551811151,5,TRUE,Petrol,1278499.926
3898000,4530,53.62315756,10.98356262,264,192,6.747599857,7,TRUE,Petrol,1882093.723
3781000,960,17.26709922,10.84440186,346,244,8.079886721,4,TRUE,EV,2514332.896
4233000,3830,36.06340389,10.64901813,561,208,11.49919147,2,TRUE,Diesel,2869299.359
2508000,3457,24.67358412,24.66874056,511,251,8.245239033,5,FALSE,Diesel,1338021.95
4007000,3229,48.9330186,27.09491458,478,257,10.14549359,5,TRUE,Petrol,2286456.212
3356000,811,46.03601449,18.88694557,596,234,9.595442658,7,TRUE,Diesel,1635378.885
4119000,4255,45.04290592,27.96056101,559,230,11.58510396,7,TRUE,Diesel,2206778.706
2366000,4342,24.08601153,20.94723547,271,180,13.29083933,4,TRUE,Petrol,1220085.276
3181000,617,27.73692455,18.99964467,533,230,4.886136529,3,TRUE,Petrol,2110085.481
2822000,2568,23.3599044,28.38161866,295,241,10.92051951,7,FALSE,EV,1360503.986
4061000,1397,31.24989919,29.31322157,438,181,11.1245406,6,TRUE,Petrol,2407816.287
1815000,2890,56.90898046,22.10591307,439,251,10.62336935,7,TRUE,CNG,213903.1934
2040000,3731,24.68827997,26.31093333,420,236,11.73262933,5,FALSE,Petrol,921331.3346
4137000,3479,54.31624518,19.6223604,492,239,10.70681382,3,TRUE,Petrol,2520844.5
4158000,3564,48.30957857,19.92730095,389,247,12.0101501,2,TRUE,Diesel,2651095.328
2406000,563,59.51928992,19.69757492,514,225,13.86372592,2,FALSE,Petrol,1195540.422
2749000,2182,24.8749831,13.55357996,424,196,5.907161459,5,TRUE,Petrol,1529782.308
2425000,4727,15.37838249,19.97246657,289,231,6.848990439,3,TRUE,Petrol,1503978.038
4234000,2564,41.32606973,28.05569973,547,215,11.15746924,7,TRUE,Petrol,2364392.495
4071000,4098,37.25001456,28.30019706,379,183,6.900677402,6,FALSE,Diesel,2338596.584
2349000,4987,22.87261616,24.59560269,517,208,5.926895551,4,TRUE,Diesel,1326023.634
3354000,1739,36.75589793,13.74999124,516,187,13.20738175,3,TRUE,EV,2085014.855
2625000,4311,48.26824429,26.48285319,271,259,5.185104078,3,FALSE,EV,1369908.818
2191000,4349,33.0559264,26.06638133,598,181,6.077154856,5,FALSE,EV,1059741.034
3328000,3989,52.02570365,16.03294385,395,237,7.395550752,3,TRUE,EV,1901703.999
3931000,2455,32.57462238,19.46615267,547,199,4.010797485,3,TRUE,EV,2667412.575
2468000,4384,26.11684496,13.90878445,594,245,12.1592482,6,TRUE,Petrol,1171074.051
1817000,2806,58.98460667,14.21701736,292,181,7.974117432,5,FALSE,Petrol,382254.1812
3853000,1198,42.71642536,19.10070221,471,262,8.891824326,8,FALSE,Diesel,1929479.36
2353000,3199,58.42530446,13.82621187,278,232,10.92934844,5,TRUE,Diesel,776841.2147
2893000,3639,20.53398634,13.24502875,502,234,10.55643501,4,FALSE,Diesel,1751571.73
3672000,4504,29.22451238,23.72633489,286,260,11.91737635,3,TRUE,Petrol,2331716.57
2222000,4538,24.92455628,11.42820893,551,220,12.00884601,5,TRUE,EV,1085361.433
2195000,652,57.57050225,27.71586998,459,249,4.896077195,7,TRUE,Petrol,613347.6217
3283000,717,37.39076029,26.48179447,419,240,4.006257551,2,TRUE,Petrol,2176241.51
3541000,2481,37.140366,11.54640428,429,229,11.44038785,5,FALSE,Petrol,1991242.108
4072000,4119,54.89367682,10.69213476,425,252,13.88801396,5,FALSE,EV,2215567.923
1984000,4051,53.55468538,10.74760838,384,201,9.446430943,3,TRUE,Petrol,769658.2117
4291000,1665,26.47448867,13.3220398,453,184,5.846573781,5,FALSE,Diesel,2751282.34
3431000,3437,24.0474308,20.28210341,591,267,9.855531636,6,TRUE,Petrol,1996654.07
3847000,3819,17.58159553,23.90124763,317,216,13.48427671,2,TRUE,Diesel,2681640.304
2803000,936,51.85918245,17.83026803,417,252,5.611913766,3,TRUE,EV,1536846.086
3359000,3772,53.64776533,16.08278673,424,199,8.526047386,2,FALSE,Petrol,1997423.113
4313000,3681,21.30351838,23.33579748,279,241,8.790439304,6,TRUE,EV,2665973.539
4203000,1626,23.09843594,17.43547439,433,208,11.8457382,2,TRUE,EV,2994178.323
3257000,4097,33.49417751,26.95457599,383,235,4.747320941,5,TRUE,Diesel,1839360.832
2153000,2936,30.91974489,14.1503559,571,208,9.907269597,7,FALSE,Diesel,786451.8822
3667000,594,49.57194797,11.8314863,321,239,4.033707933,6,TRUE,Diesel,1909265.974
3239000,4392,26.26848565,11.15067626,431,267,10.35243175,2,FALSE,EV,2167836.604
2318000,2725,48.42295024,28.51329048,441,248,10.75497316,3,FALSE,Diesel,1127178.547
1935000,2574,55.53710168,16.11599453,504,181,9.786474733,5,FALSE,Diesel,553742.0794
3138000,4091,26.28280924,22.16950158,297,222,12.0712495,3,TRUE,Diesel,1927525.912
3475000,2157,16.1057947,22.79034992,474,221,12.78062347,8,TRUE,Petrol,1868989.698
3826000,4477,38.54270379,17.41093188,487,220,7.885765068,4,TRUE,Diesel,2330523.173
3241000,977,57.47859023,10.59913933,285,215,6.256618421,4,TRUE,Petrol,1665637.672
3641000,3040,56.48324929,22.31182662,502,182,5.339032257,4,TRUE,CNG,2038658.599
3354000,3615,33.5381045,25.80691417,456,218,8.578001999,5,FALSE,EV,1936941.321
3002000,4483,17.08820785,12.28449643,269,249,8.807325592,7,TRUE,CNG,1501192.586
3532000,860,24.21231947,29.6336773,577,186,10.76735344,8,FALSE,Diesel,1892893.662
3601000,2573,44.15694369,12.17828501,429,237,11.19991438,2,TRUE,Diesel,2265056.204
3953000,1110,27.14335815,28.33647596,444,187,7.149504019,4,FALSE,Diesel,2586656.682
3987000,1389,20.22219443,29.44609367,502,245,5.950225617,3,TRUE,Diesel,2808911.192
1999000,1303,39.94433983,13.30054512,571,249,9.229773971,2,TRUE,Diesel,1093010.558
2138000,815,28.12461391,15.2559321,554,256,12.80495112,7,FALSE,Diesel,799495.7498
2384000,1463,22.95262634,12.39654042,516,203,5.364292893,4,TRUE,Petrol,1391339.448
4200000,2061,40.06125153,21.42989742,514,191,12.43139091,7,FALSE,Diesel,2316394.18
2530000,3020,47.84998853,19.41147775,294,221,13.7744917,4,FALSE,Petrol,1129173.951
3961000,1200,23.40520102,27.1859891,441,267,4.518393401,5,TRUE,EV,2572433.396
3395000,1305,48.24607471,17.86203129,312,235,9.043372247,5,TRUE,Petrol,1771124.405
2501000,3364,44.76787055,28.89093999,412,195,9.622515526,5,FALSE,Diesel,1100873.027
1946000,3480,20.93246833,26.6525049,552,212,13.74898273,6,TRUE,Petrol,810854.4582
3983000,4664,50.78018841,22.09872379,439,205,5.741840875,4,FALSE,Diesel,2340798.073
2081000,4045,52.6401769,10.52024022,479,206,8.155838483,6,TRUE,Petrol,588180.3881
3393000,2543,48.24456601,19.14405086,564,222,6.076485701,4,TRUE,Diesel,1944148.831
1855000,3098,41.39761984,10.32160306,333,198,4.846829521,2,TRUE,EV,934203.91
4427000,4958,44.23448866,29.66194346,492,250,7.511923126,4,FALSE,EV,2792835.875
2356000,1431,56.88230152,20.98217701,349,194,8.328206667,3,TRUE,Petrol,1071376.721
2199000,3965,16.10153568,11.17348046,416,241,10.36747367,2,TRUE,Diesel,1409220.462
2268000,656,22.11082494,14.03540506,371,242,9.116627781,5,TRUE,CNG,1129647.233
3672000,2460,55.71080299,10.85438391,383,181,9.430333398,7,TRUE,EV,1725300.392
3455000,3706,43.70879744,20.58214949,461,186,13.70904126,2,TRUE,EV,2168155.75
3459000,2771,40.79637577,22.36573908,304,200,10.11653259,6,TRUE,EV,1790829.736
2514000,1398,19.67901273,20.21278506,561,235,11.4389662,5,FALSE,Diesel,1396573.263
4294000,1203,16.71151244,14.20363948,471,258,11.53891325,3,TRUE,Diesel,3016976.771
3302000,2073,29.51546555,14.52162592,400,250,12.29762527,6,TRUE,Diesel,1764937.74
3309000,3318,26.96055031,18.74905986,328,221,4.220756204,8,TRUE,Petrol,1639521.247
2295000,1741,28.61365965,16.69582665,402,205,7.914456933,8,TRUE,Petrol,816152.4931
4053000,2102,25.20688579,18.04071806,362,237,13.64800147,2,TRUE,Diesel,2793124.486
2398000,3944,37.15553575,10.27024232,506,198,7.220700464,6,TRUE,Petrol,1012507.788
2702000,3751,44.87520407,18.2370792,579,237,10.21022028,4,TRUE,Petrol,1391743.106
2900000,1647,33.14058446,22.26133072,267,231,6.692450943,7,FALSE,Petrol,1336217.636
2703000,4878,26.15852126,13.95388016,577,229,10.24402078,6,FALSE,Diesel,1356349.537
3596000,676,26.83703256,16.44837914,416,259,9.93640486,5,TRUE,Diesel,2164073.866
2129000,1691,54.04213919,29.59388975,345,239,13.52839917,4,FALSE,Petrol,787266.0503
4080000,651,28.52046361,18.10800593,492,258,9.346578372,3,FALSE,Diesel,2763514.244
2412000,3241,47.9877877,19.97980559,407,195,12.67749009,7,TRUE,EV,779882.8657
3056000,2203,31.0588891,28.5776687,364,182,5.316947975,8,TRUE,Petrol,1425616.222
2261000,3743,39.70454764,21.59267687,535,235,8.94064724,6,TRUE,Petrol,896782.942
2457000,2128,56.36696785,19.40183722,516,194,9.20693013,8,TRUE,Diesel,681155.9538
3822000,4235,15.83037181,10.46633996,574,182,11.35812002,7,FALSE,Diesel,2239754.772
3741000,2394,15.50720747,21.82837567,293,224,9.16331688,3,TRUE,Petrol,2563677.418
2020000,1126,32.3726754,26.99509833,399,183,10.89076488,4,TRUE,Diesel,942654.5728
2641000,1156,58.95479007,10.96249052,255,196,7.197728045,4,FALSE,EV,1169786.713
2755000,1540,22.75004296,24.972606,331,266,11.82313334,5,TRUE,Diesel,1496269.422
2595000,1494,30.04728872,13.16521205,544,184,6.884027839,3,FALSE,Petrol,1583679.525
3209000,3905,59.4627298,20.11702915,270,218,7.892955117,8,TRUE,Petrol,1183957.942
3133000,2186,34.79528312,21.92211267,276,241,10.1566485,8,TRUE,Diesel,1361970.639
3090000,2496,15.16979219,17.26439255,452,261,4.793776144,6,FALSE,Diesel,1810542.464
3083000,4339,42.85570449,27.2224595,257,190,12.7009617,5,TRUE,Diesel,1508183.79
4063000,2927,44.86932357,29.47316328,422,239,13.18834386,2,TRUE,Petrol,2640474.105
3298000,3263,20.55438004,27.68539547,427,253,12.12113267,4,TRUE,Petrol,2077033.884
3235000,1489,28.88924701,10.27962761,587,217,8.326543269,2,TRUE,Petrol,2207228.363
3219000,3281,27.14293058,18.32375437,447,258,9.316979586,7,TRUE,Diesel,1649607.287
2407000,1602,36.85346118,14.91356114,588,183,10.7363057,8,TRUE,Petrol,852478.1915
2534000,2991,31.31664754,27.17653619,523,210,12.66150511,2,TRUE,CNG,1559660.554
3504000,3532,59.52732762,25.11897298,420,248,5.148366645,7,TRUE,Petrol,1596532.977
2165000,2919,45.69414012,10.15595388,498,226,12.08611013,7,FALSE,Petrol,614037.8071
4041000,3681,36.6269382,18.5208493,456,228,10.14373913,4,TRUE,Petrol,2515181.877
3528000,4149,40.36716627,18.64562599,427,183,6.645829843,2,FALSE,Petrol,2278509.72
3573000,4087,59.29303537,13.07666369,254,186,11.16740525,6,FALSE,Petrol,1640506.539
3290000,2450,47.24585652,28.47693987,559,264,6.195502758,8,TRUE,Petrol,1493114.897
2089000,2827,58.58547508,12.7102642,388,225,6.777760171,2,TRUE,Diesel,932020.5386
3003000,1142,32.26741991,15.11003063,321,194,12.60768553,7,TRUE,Diesel,1380280.094
2425000,2397,25.14456703,21.99946147,488,215,7.010679232,6,TRUE,Petrol,1188297.657
3194000,4714,47.06768904,23.72966579,461,207,13.81764961,8,TRUE,EV,1313384.77
4221000,4101,32.53324483,21.68377382,261,228,8.565406911,7,TRUE,Petrol,2356925.733
2486000,1373,55.88628536,17.41181073,252,255,7.186000307,6,TRUE,Diesel,854914.1061
3544000,1298,39.67643277,21.55240358,560,199,4.708651724,6,TRUE,Diesel,1976979.931
4125000,2220,50.15464691,16.75881298,436,185,6.956125266,3,FALSE,Diesel,2564797.433
2723000,2819,27.663492,22.60436018,384,246,6.596620024,5,FALSE,CNG,1448887.221
1910000,763,51.80865017,29.29419046,275,229,10.73700258,8,FALSE,CNG,228525.2363
2489000,2177,45.12577299,13.16095326,460,239,7.430016862,2,TRUE,EV,1432823.695
2599000,970,30.17249396,26.14721845,549,184,12.03952548,4,TRUE,Petrol,1473695.735
2265000,4772,34.35541483,21.17217188,596,189,4.016516625,6,FALSE,Diesel,986292.7775
3559000,3330,33.9643187,17.41395893,456,211,12.98262791,2,TRUE,Diesel,2325199.858
2177000,3355,56.09587887,24.11282945,413,230,10.93209742,4,TRUE,Petrol,820000.0929
2888000,3147,21.66868453,16.98232621,584,183,4.565663431,6,FALSE,Diesel,1613105.492
2818000,797,38.07245158,19.92580247,381,237,6.756273078,2,TRUE,CNG,1736814.027
3003000,2966,53.47052378,25.886144,264,184,6.288671169,2,TRUE,EV,1722735.982
3505000,2613,51.36462835,19.90050395,435,266,5.240493193,8,FALSE,Petrol,1581201.269
2029000,986,41.0254447,17.01772899,564,224,6.043304328,5,TRUE,Diesel,832959.515
4275000,3934,28.36998501,22.97238666,426,257,11.00826591,2,FALSE,Diesel,2961642.078
4023000,2368,27.57775447,11.19999256,313,229,4.882766493,5,FALSE,Diesel,2482866.259
2411000,4240,44.52858119,20.28890422,537,205,7.277940389,5,FALSE,Petrol,1071738.853
3600000,1633,36.69369361,28.82748922,387,205,9.706253196,8,TRUE,Diesel,1765585.523
4083000,4490,16.22544217,28.27892408,279,259,4.5455907,6,FALSE,Petrol,2551472.071
3760000,948,47.55094812,18.85158417,312,227,11.92091221,8,FALSE,EV,1763918.852
3040000,3791,36.44515148,26.05329457,346,253,13.12624562,8,FALSE,Petrol,1271490.692
2707000,3847,47.79913552,15.37803154,568,221,11.82699201,7,TRUE,EV,1062558.152
3811000,1674,55.61784107,26.20645337,502,214,7.310879338,4,FALSE,Petrol,2206063.235
2576000,1144,42.08841793,28.30918048,408,253,11.93754822,4,TRUE,EV,1312797.087
2188000,1927,54.2370357,12.3500269,550,198,6.473092886,7,TRUE,Petrol,616481.644
2527000,2046,17.17541787,27.42263384,289,235,10.62893531,6,FALSE,EV,1292437.039
4400000,3939,51.32260188,23.61763704,528,193,5.808389702,3,TRUE,Diesel,2802926.634
3767000,2295,16.92522107,11.75364513,358,221,4.703487975,3,FALSE,Petrol,2609419.735
1925000,747,51.64659496,23.04726893,521,191,8.50564775,5,TRUE,EV,652496.2507
2544000,1676,43.32366967,17.90295261,411,225,13.59474653,5,FALSE,Diesel,1115800.509
2575000,3208,35.9087636,11.5012616,400,197,8.466392634,3,TRUE,EV,1454295.878
3826000,3396,36.53154031,14.41600777,288,218,10.84860399,6,TRUE,EV,2100356.279
3248000,4846,54.5305413,29.86419017,375,263,5.345222165,5,TRUE,Diesel,1608988.514
4319000,2553,57.12919159,20.6822722,351,246,6.942913915,2,TRUE,Petrol,2738777.499
4234000,2817,58.15831946,13.7058498,474,252,11.26817999,3,TRUE,EV,2565323.053
2878000,4446,30.52244613,18.47176356,530,214,11.47398839,6,FALSE,Diesel,1434835.334
3222000,3651,49.46350812,22.07282271,317,217,8.197547007,7,TRUE,EV,1423056.358
2955000,877,17.42252286,17.15279562,391,224,12.58565879,8,FALSE,Diesel,1414559.289
3010000,2074,59.1663425,26.60913131,565,199,9.841258837,4,TRUE,Petrol,1524786.936
3494000,4260,39.35939064,10.02857204,509,263,12.1673422,2,TRUE,Diesel,2220838.059
2608000,3875,45.78008883,13.07132778,448,263,11.71825228,4,TRUE,EV,1264914.073
4243000,3765,28.21596058,16.79369737,385,268,5.819258699,7,FALSE,Petrol,2472409.554
2048000,2101,50.46788349,19.45373389,378,215,12.00910707,5,TRUE,Petrol,664462.205
1857000,818,53.94501939,29.0002605,286,228,4.388941904,6,TRUE,Petrol,434221.2123
4435000,4569,54.16641177,11.1392259,252,268,7.200222897,2,TRUE,EV,2816177.363
4308000,3443,26.4310419,21.7336264,521,212,10.45944277,3,TRUE,Petrol,2954326.343
4344000,589,58.48508707,24.79593219,426,252,5.601413762,5,TRUE,Petrol,2505554.977
3879000,3538,53.34571387,29.14726531,462,264,10.76687229,5,TRUE,Petrol,2130827.911
2392000,3815,26.30425139,12.29771589,402,201,13.9123642,8,FALSE,CNG,826268.246
4183000,2862,36.49565326,24.25055248,467,213,9.274558015,2,TRUE,Petrol,2857164.172
2959000,1143,59.61746725,26.21678783,578,231,7.309405339,3,TRUE,Petrol,1612333.72
3301000,1951,21.70880101,15.45089708,400,209,11.75447031,6,TRUE,Petrol,1850077.446
3281000,1242,49.54180413,28.18980708,514,246,7.677633705,3,TRUE,Petrol,1953527.797
3651000,922,46.03031656,28.54778905,531,208,13.95758441,3,TRUE,Petrol,2240734.568
2274000,3008,37.36056047,21.7551116,316,218,4.365185373,2,TRUE,Petrol,1311635.945
3725000,1473,47.83497371,10.32085084,586,260,4.041169098,3,FALSE,Diesel,2333796.676
4120000,2738,21.96040137,12.4827286,401,255,4.552607192,8,TRUE,Petrol,2350697.024
3300000,1039,16.34017041,12.15458588,288,227,11.08369807,4,FALSE,Petrol,2088650.266
3240000,864,30.78965911,23.17558576,297,227,12.06936396,7,TRUE,Petrol,1609315.365
3683000,1505,34.87652609,14.70462783,329,226,11.23954877,4,TRUE,Petrol,2216781.448
4486000,2850,40.52258095,22.4140246,283,180,7.472756123,6,TRUE,Petrol,2621395.401
3210000,1320,27.59819394,13.63839134,566,262,8.071966647,8,FALSE,Petrol,1598645.249
2761000,3498,51.76123472,21.95479456,295,260,4.789866964,3,TRUE,Diesel,1432715.154
2131000,1395,32.01108965,20.2625491,383,180,9.789070808,4,TRUE,Petrol,1040667.21
3768000,1665,32.77848422,18.90619393,552,251,5.318761247,2,TRUE,CNG,2599109.165
4421000,3340,35.75790606,11.29776686,312,257,12.67412639,7,TRUE,Petrol,2459489.98
4154000,3800,38.65274592,12.53764958,489,197,9.489707912,4,TRUE,Petrol,2585702.467
3623000,4344,35.90175704,17.43326681,399,184,4.352487482,6,FALSE,EV,2021246.429
3202000,3363,15.56168377,24.80091015,352,237,8.591126469,3,FALSE,EV,2162763.221
4240000,2747,23.8670529,27.16413083,436,218,6.044474195,5,TRUE,Diesel,2738955.042
4468000,4527,27.4142072,28.30573764,361,189,5.549303747,3,TRUE,Petrol,3059953.711
4410000,3635,46.3350641,15.11202878,343,243,7.57370882,6,TRUE,Petrol,2497047.686
4124000,1853,24.2378569,18.89271671,354,200,12.21436902,4,TRUE,Petrol,2676635.916
3807000,3250,46.95249012,27.79017623,269,230,8.861379806,5,FALSE,Petrol,2101405.465
2640000,955,29.38290838,23.88162676,477,241,6.749706683,6,TRUE,Petrol,1334215.461
2352000,3844,26.44422619,28.39769559,591,250,4.322686578,4,TRUE,Diesel,1351812.573
2803000,2723,33.21940512,11.18634821,556,230,4.083165982,4,TRUE,EV,1647155.764
2598000,1760,35.87367119,16.13214288,317,268,10.34029386,6,TRUE,EV,1156349.219
2597000,1906,46.15633426,28.70673384,288,196,10.9212948,6,TRUE,Diesel,1030492.044
2373000,987,28.98797249,12.43115284,359,232,9.464640242,2,FALSE,Petrol,1452418.958
4135000,3291,35.73275172,10.04740345,555,222,13.23984962,6,TRUE,EV,2407769.209
4490000,2075,27.93695999,26.05462875,343,194,13.94793745,6,TRUE,EV,2738758.637
3465000,1469,47.39812761,16.35984091,409,229,12.51278998,6,TRUE,Petrol,1731046.984
2492000,2021,58.90789052,14.04254186,479,191,4.7948684,8,TRUE,EV,724032.1323
2152000,1018,58.79803575,14.9299053,367,241,7.791441396,3,TRUE,Petrol,896189.3775
4085000,2401,25.10601935,15.18296587,268,221,11.70591384,5,TRUE,Petrol,2509682.711
3977000,3527,43.40830153,24.09059438,375,199,10.21834172,5,TRUE,Diesel,2271332.631
3869000,2366,50.76165169,20.69254622,339,203,4.903767786,8,TRUE,Diesel,1849083.533
2706000,587,41.35408153,29.47099518,276,202,6.221142272,3,FALSE,Diesel,1516125.965
3972000,4898,39.3242395,12.73763593,303,229,12.78685374,4,FALSE,Diesel,2336899.254
1972000,1261,24.46003894,28.67968887,272,193,9.123407712,5,TRUE,Petrol,875565.93
3587000,3704,43.4534625,28.99337755,294,199,12.06078073,8,TRUE,Petrol,1639765.975
2765000,2035,44.99425323,13.79174819,596,254,10.64204978,5,TRUE,EV,1368844.649
3772000,2759,52.51057611,16.33908387,316,197,8.456396234,8,FALSE,Petrol,1720657.73
1926000,4909,56.67206326,25.12267938,450,246,6.724732421,7,FALSE,Petrol,343650.8171
2538000,4611,34.09033817,28.04473914,522,212,4.390416668,5,TRUE,Diesel,1297107.115
2870000,1221,39.72377947,21.13942996,254,213,7.843934608,7,TRUE,Diesel,1222983.011
3760000,4923,47.23518209,14.85856934,431,269,5.62565285,7,TRUE,Petrol,1893040.782
3319000,4814,58.71756542,15.89738698,559,255,10.3903892,8,TRUE,Petrol,1327637.217
2944000,3760,45.302215,13.42552885,478,200,8.590862103,4,FALSE,EV,1573351.821
2830000,4972,15.65233391,12.7194392,329,257,4.035062135,7,FALSE,Diesel,1437919.845
3623000,891,22.42682244,12.51899328,273,193,12.2199421,3,TRUE,Diesel,2363264.26
2971000,1310,54.9485887,23.40913055,339,193,7.118590461,8,TRUE,Diesel,1085185.466
2937000,4924,26.77329675,29.49287648,390,216,13.09304819,6,TRUE,CNG,1475805.953
4145000,1508,17.04610121,11.79251824,442,185,10.54096207,4,FALSE,Petrol,2798676.606
2540000,2332,15.65877672,29.10447412,585,201,12.76266575,2,TRUE,Petrol,1766878.496
2197000,4140,26.33957807,25.06842952,562,230,13.42768165,4,TRUE,Diesel,1140742.494
2815000,1317,28.04263141,27.11981333,542,197,8.397534054,2,TRUE,Petrol,1894141.224
3449000,3780,36.87945253,12.34706496,525,249,7.076901652,8,FALSE,Petrol,1667223.85
3209000,3909,31.72834614,14.67656834,451,265,12.97078507,3,TRUE,EV,1981430.032
